2026-08-11T13:15:25.866+05:30  INFO 11552 --- [ytrep] [main] com.learning.ytrep.YtrepApplication      : Starting YtrepApplication using Java 21.0.9 with PID 11552 (D:\Projects\YouRep\Backend\ytrep\target\classes started by ajayl in D:\Projects\YouRep)
2026-08-11T13:15:25.878+05:30  INFO 11552 --- [ytrep] [main] com.learning.ytrep.YtrepApplication      : No active profile set, falling back to 1 default profile: "default"
2026-08-11T13:15:28.724+05:30  INFO 11552 --- [ytrep] [main] .s.d.r.c.RepositoryConfigurationDelegate : Multiple Spring Data modules found, entering strict repository configuration mode
2026-08-11T13:15:28.729+05:30  INFO 11552 --- [ytrep] [main] .s.d.r.c.RepositoryConfigurationDelegate : Bootstrapping Spring Data JPA repositories in DEFAULT mode.
2026-08-11T13:15:29.027+05:30  INFO 11552 --- [ytrep] [main] .s.d.r.c.RepositoryConfigurationDelegate : Finished Spring Data repository scanning in 281 ms. Found 7 JPA repository interfaces.
2026-08-11T13:15:29.055+05:30  INFO 11552 --- [ytrep] [main] .s.d.r.c.RepositoryConfigurationDelegate : Multiple Spring Data modules found, entering strict repository configuration mode
2026-08-11T13:15:29.057+05:30  INFO 11552 --- [ytrep] [main] .s.d.r.c.RepositoryConfigurationDelegate : Bootstrapping Spring Data Redis repositories in DEFAULT mode.
2026-08-11T13:15:29.096+05:30  INFO 11552 --- [ytrep] [main] .RepositoryConfigurationExtensionSupport : Spring Data Redis - Could not safely identify store assignment for repository candidate interface com.learning.ytrep.repository.CommentLikeRepository; If you want this repository to be a Redis repository, consider annotating your entities with one of these annotations: org.springframework.data.redis.core.RedisHash (preferred), or consider extending one of the following types with your repository: org.springframework.data.keyvalue.repository.KeyValueRepository
2026-08-11T13:15:29.097+05:30  INFO 11552 --- [ytrep] [main] .RepositoryConfigurationExtensionSupport : Spring Data Redis - Could not safely identify store assignment for repository candidate interface com.learning.ytrep.repository.CommentRepository; If you want this repository to be a Redis repository, consider annotating your entities with one of these annotations: org.springframework.data.redis.core.RedisHash (preferred), or consider extending one of the following types with your repository: org.springframework.data.keyvalue.repository.KeyValueRepository
2026-08-11T13:15:29.099+05:30  INFO 11552 --- [ytrep] [main] .RepositoryConfigurationExtensionSupport : Spring Data Redis - Could not safely identify store assignment for repository candidate interface com.learning.ytrep.repository.RoleRepository; If you want this repository to be a Redis repository, consider annotating your entities with one of these annotations: org.springframework.data.redis.core.RedisHash (preferred), or consider extending one of the following types with your repository: org.springframework.data.keyvalue.repository.KeyValueRepository
2026-08-11T13:15:29.100+05:30  INFO 11552 --- [ytrep] [main] .RepositoryConfigurationExtensionSupport : Spring Data Redis - Could not safely identify store assignment for repository candidate interface com.learning.ytrep.repository.UserLikeRepository; If you want this repository to be a Redis repository, consider annotating your entities with one of these annotations: org.springframework.data.redis.core.RedisHash (preferred), or consider extending one of the following types with your repository: org.springframework.data.keyvalue.repository.KeyValueRepository
2026-08-11T13:15:29.101+05:30  INFO 11552 --- [ytrep] [main] .RepositoryConfigurationExtensionSupport : Spring Data Redis - Could not safely identify store assignment for repository candidate interface com.learning.ytrep.repository.UserRepository; If you want this repository to be a Redis repository, consider annotating your entities with one of these annotations: org.springframework.data.redis.core.RedisHash (preferred), or consider extending one of the following types with your repository: org.springframework.data.keyvalue.repository.KeyValueRepository
2026-08-11T13:15:29.101+05:30  INFO 11552 --- [ytrep] [main] .RepositoryConfigurationExtensionSupport : Spring Data Redis - Could not safely identify store assignment for repository candidate interface com.learning.ytrep.repository.VideoAnalyticsRepository; If you want this repository to be a Redis repository, consider annotating your entities with one of these annotations: org.springframework.data.redis.core.RedisHash (preferred), or consider extending one of the following types with your repository: org.springframework.data.keyvalue.repository.KeyValueRepository
2026-08-11T13:15:29.102+05:30  INFO 11552 --- [ytrep] [main] .RepositoryConfigurationExtensionSupport : Spring Data Redis - Could not safely identify store assignment for repository candidate interface com.learning.ytrep.repository.VideoRepository; If you want this repository to be a Redis repository, consider annotating your entities with one of these annotations: org.springframework.data.redis.core.RedisHash (preferred), or consider extending one of the following types with your repository: org.springframework.data.keyvalue.repository.KeyValueRepository
2026-08-11T13:15:29.102+05:30  INFO 11552 --- [ytrep] [main] .s.d.r.c.RepositoryConfigurationDelegate : Finished Spring Data repository scanning in 23 ms. Found 0 Redis repository interfaces.
2026-08-11T13:15:30.602+05:30  INFO 11552 --- [ytrep] [main] o.s.b.w.embedded.tomcat.TomcatWebServer  : Tomcat initialized with port 8080 (http)
2026-08-11T13:15:30.629+05:30  INFO 11552 --- [ytrep] [main] o.apache.catalina.core.StandardService   : Starting service [Tomcat]
2026-08-11T13:15:30.631+05:30  INFO 11552 --- [ytrep] [main] o.apache.catalina.core.StandardEngine    : Starting Servlet engine: [Apache Tomcat/10.1.50]
2026-08-11T13:15:30.777+05:30  INFO 11552 --- [ytrep] [main] o.a.c.c.C.[Tomcat].[localhost].[/]       : Initializing Spring embedded WebApplicationContext
2026-08-11T13:15:30.778+05:30  INFO 11552 --- [ytrep] [main] w.s.c.ServletWebServerApplicationContext : Root WebApplicationContext: initialization completed in 4821 ms
2026-08-11T13:15:31.221+05:30  INFO 11552 --- [ytrep] [main] o.hibernate.jpa.internal.util.LogHelper  : HHH000204: Processing PersistenceUnitInfo [name: default]
2026-08-11T13:15:31.331+05:30  INFO 11552 --- [ytrep] [main] org.hibernate.Version                    : HHH000412: Hibernate ORM core version 6.6.39.Final
2026-08-11T13:15:31.394+05:30  INFO 11552 --- [ytrep] [main] o.h.c.internal.RegionFactoryInitiator    : HHH000026: Second-level cache disabled
2026-08-11T13:15:31.838+05:30  INFO 11552 --- [ytrep] [main] o.s.o.j.p.SpringPersistenceUnitInfo      : No LoadTimeWeaver setup: ignoring JPA class transformer
2026-08-11T13:15:31.887+05:30  WARN 11552 --- [ytrep] [main] com.zaxxer.hikari.HikariConfig           : HikariPool-1 - idleTimeout has been set but has no effect because the pool is operating as a fixed size pool.
2026-08-11T13:15:31.888+05:30  INFO 11552 --- [ytrep] [main] com.zaxxer.hikari.HikariDataSource       : HikariPool-1 - Starting...
2026-08-11T13:15:32.226+05:30  INFO 11552 --- [ytrep] [main] com.zaxxer.hikari.pool.HikariPool        : HikariPool-1 - Added connection org.postgresql.jdbc.PgConnection@291028d7
2026-08-11T13:15:32.229+05:30  INFO 11552 --- [ytrep] [main] com.zaxxer.hikari.HikariDataSource       : HikariPool-1 - Start completed.
2026-08-11T13:15:32.299+05:30  WARN 11552 --- [ytrep] [main] org.hibernate.orm.deprecation            : HHH90000025: PostgreSQLDialect does not need to be specified explicitly using 'hibernate.dialect' (remove the property setting and it will be selected by default)
2026-08-11T13:15:32.332+05:30  INFO 11552 --- [ytrep] [main] org.hibernate.orm.connections.pooling    : HHH10001005: Database info:
	Database JDBC URL [Connecting through datasource 'HikariDataSource (HikariPool-1)']
	Database driver: undefined/unknown
	Database version: 18.1
	Autocommit mode: undefined/unknown
	Isolation level: undefined/unknown
	Minimum pool size: undefined/unknown
	Maximum pool size: undefined/unknown
2026-08-11T13:15:34.043+05:30  INFO 11552 --- [ytrep] [main] o.h.e.t.j.p.i.JtaPlatformInitiator       : HHH000489: No JTA platform available (set 'hibernate.transaction.jta.platform' to enable JTA platform integration)
2026-08-11T13:15:34.491+05:30  INFO 11552 --- [ytrep] [main] j.LocalContainerEntityManagerFactoryBean : Initialized JPA EntityManagerFactory for persistence unit 'default'
2026-08-11T13:15:35.844+05:30  INFO 11552 --- [ytrep] [main] eAuthenticationProviderManagerConfigurer : Global AuthenticationManager configured with AuthenticationProvider bean with name authenticationProvider
2026-08-11T13:15:35.845+05:30  WARN 11552 --- [ytrep] [main] r$InitializeUserDetailsManagerConfigurer : Global AuthenticationManager configured with an AuthenticationProvider bean. UserDetailsService beans will not be used by Spring Security for automatically configuring username/password login. Consider removing the AuthenticationProvider bean. Alternatively, consider using the UserDetailsService in a manually instantiated DaoAuthenticationProvider. If the current configuration is intentional, to turn off this warning, increase the logging level of 'org.springframework.security.config.annotation.authentication.configuration.InitializeUserDetailsBeanManagerConfigurer' to ERROR
2026-08-11T13:15:36.974+05:30  WARN 11552 --- [ytrep] [main] JpaBaseConfiguration$JpaWebConfiguration : spring.jpa.open-in-view is enabled by default. Therefore, database queries may be performed during view rendering. Explicitly configure spring.jpa.open-in-view to disable this warning
2026-08-11T13:15:37.491+05:30  INFO 11552 --- [ytrep] [main] o.s.b.a.e.web.EndpointLinksResolver      : Exposing 3 endpoints beneath base path '/actuator'
2026-08-11T13:15:37.739+05:30 DEBUG 11552 --- [ytrep] [main] o.s.s.web.DefaultSecurityFilterChain     : Will secure any request with filters: DisableEncodeUrlFilter, WebAsyncManagerIntegrationFilter, SecurityContextHolderFilter, HeaderWriterFilter, CorsFilter, LogoutFilter, AuthTokenFilter, RequestCacheAwareFilter, SecurityContextHolderAwareRequestFilter, AnonymousAuthenticationFilter, SessionManagementFilter, ExceptionTranslationFilter, AuthorizationFilter
2026-08-11T13:15:38.840+05:30  INFO 11552 --- [ytrep] [main] o.a.k.clients.admin.AdminClientConfig    : AdminClientConfig values: 
	auto.include.jmx.reporter = true
	bootstrap.controllers = []
	bootstrap.servers = [localhost:9092]
	client.dns.lookup = use_all_dns_ips
	client.id = ytrep-admin-0
	connections.max.idle.ms = 300000
	default.api.timeout.ms = 60000
	enable.metrics.push = true
	metadata.max.age.ms = 300000
	metadata.recovery.strategy = none
	metric.reporters = []
	metrics.num.samples = 2
	metrics.recording.level = INFO
	metrics.sample.window.ms = 30000
	receive.buffer.bytes = 65536
	reconnect.backoff.max.ms = 1000
	reconnect.backoff.ms = 50
	request.timeout.ms = 30000
	retries = 2147483647
	retry.backoff.max.ms = 1000
	retry.backoff.ms = 100
	sasl.client.callback.handler.class = null
	sasl.jaas.config = null
	sasl.kerberos.kinit.cmd = /usr/bin/kinit
	sasl.kerberos.min.time.before.relogin = 60000
	sasl.kerberos.service.name = null
	sasl.kerberos.ticket.renew.jitter = 0.05
	sasl.kerberos.ticket.renew.window.factor = 0.8
	sasl.login.callback.handler.class = null
	sasl.login.class = null
	sasl.login.connect.timeout.ms = null
	sasl.login.read.timeout.ms = null
	sasl.login.refresh.buffer.seconds = 300
	sasl.login.refresh.min.period.seconds = 60
	sasl.login.refresh.window.factor = 0.8
	sasl.login.refresh.window.jitter = 0.05
	sasl.login.retry.backoff.max.ms = 10000
	sasl.login.retry.backoff.ms = 100
	sasl.mechanism = GSSAPI
	sasl.oauthbearer.clock.skew.seconds = 30
	sasl.oauthbearer.expected.audience = null
	sasl.oauthbearer.expected.issuer = null
	sasl.oauthbearer.header.urlencode = false
	sasl.oauthbearer.jwks.endpoint.refresh.ms = 3600000
	sasl.oauthbearer.jwks.endpoint.retry.backoff.max.ms = 10000
	sasl.oauthbearer.jwks.endpoint.retry.backoff.ms = 100
	sasl.oauthbearer.jwks.endpoint.url = null
	sasl.oauthbearer.scope.claim.name = scope
	sasl.oauthbearer.sub.claim.name = sub
	sasl.oauthbearer.token.endpoint.url = null
	security.protocol = PLAINTEXT
	security.providers = null
	send.buffer.bytes = 131072
	socket.connection.setup.timeout.max.ms = 30000
	socket.connection.setup.timeout.ms = 10000
	ssl.cipher.suites = null
	ssl.enabled.protocols = [TLSv1.2, TLSv1.3]
	ssl.endpoint.identification.algorithm = https
	ssl.engine.factory.class = null
	ssl.key.password = null
	ssl.keymanager.algorithm = SunX509
	ssl.keystore.certificate.chain = null
	ssl.keystore.key = null
	ssl.keystore.location = null
	ssl.keystore.password = null
	ssl.keystore.type = JKS
	ssl.protocol = TLSv1.3
	ssl.provider = null
	ssl.secure.random.implementation = null
	ssl.trustmanager.algorithm = PKIX
	ssl.truststore.certificates = null
	ssl.truststore.location = null
	ssl.truststore.password = null
	ssl.truststore.type = JKS

2026-08-11T13:15:39.100+05:30  INFO 11552 --- [ytrep] [main] o.a.kafka.common.utils.AppInfoParser     : Kafka version: 3.9.1
2026-08-11T13:15:39.100+05:30  INFO 11552 --- [ytrep] [main] o.a.kafka.common.utils.AppInfoParser     : Kafka commitId: f745dfdcee2b9851
2026-08-11T13:15:39.100+05:30  INFO 11552 --- [ytrep] [main] o.a.kafka.common.utils.AppInfoParser     : Kafka startTimeMs: 1786434339097
2026-08-11T13:15:39.866+05:30  INFO 11552 --- [ytrep] [kafka-admin-client-thread | ytrep-admin-0] o.a.kafka.common.utils.AppInfoParser     : App info kafka.admin.client for ytrep-admin-0 unregistered
2026-08-11T13:15:39.873+05:30  INFO 11552 --- [ytrep] [kafka-admin-client-thread | ytrep-admin-0] o.apache.kafka.common.metrics.Metrics    : Metrics scheduler closed
2026-08-11T13:15:39.873+05:30  INFO 11552 --- [ytrep] [kafka-admin-client-thread | ytrep-admin-0] o.apache.kafka.common.metrics.Metrics    : Closing reporter org.apache.kafka.common.metrics.JmxReporter
2026-08-11T13:15:39.873+05:30  INFO 11552 --- [ytrep] [kafka-admin-client-thread | ytrep-admin-0] o.apache.kafka.common.metrics.Metrics    : Metrics reporters closed
2026-08-11T13:15:39.898+05:30  INFO 11552 --- [ytrep] [main] o.s.b.w.embedded.tomcat.TomcatWebServer  : Tomcat started on port 8080 (http) with context path '/'
2026-08-11T13:15:39.939+05:30  INFO 11552 --- [ytrep] [main] o.a.k.clients.consumer.ConsumerConfig    : ConsumerConfig values: 
	allow.auto.create.topics = true
	auto.commit.interval.ms = 5000
	auto.include.jmx.reporter = true
	auto.offset.reset = earliest
	bootstrap.servers = [localhost:9092]
	check.crcs = true
	client.dns.lookup = use_all_dns_ips
	client.id = consumer-video-processing-group-1
	client.rack = 
	connections.max.idle.ms = 540000
	default.api.timeout.ms = 60000
	enable.auto.commit = false
	enable.metrics.push = true
	exclude.internal.topics = true
	fetch.max.bytes = 52428800
	fetch.max.wait.ms = 500
	fetch.min.bytes = 1
	group.id = video-processing-group
	group.instance.id = null
	group.protocol = classic
	group.remote.assignor = null
	heartbeat.interval.ms = 3000
	interceptor.classes = []
	internal.leave.group.on.close = true
	internal.throw.on.fetch.stable.offset.unsupported = false
	isolation.level = read_uncommitted
	key.deserializer = class org.apache.kafka.common.serialization.StringDeserializer
	max.partition.fetch.bytes = 1048576
	max.poll.interval.ms = 300000
	max.poll.records = 500
	metadata.max.age.ms = 300000
	metadata.recovery.strategy = none
	metric.reporters = []
	metrics.num.samples = 2
	metrics.recording.level = INFO
	metrics.sample.window.ms = 30000
	partition.assignment.strategy = [class org.apache.kafka.clients.consumer.RangeAssignor, class org.apache.kafka.clients.consumer.CooperativeStickyAssignor]
	receive.buffer.bytes = 65536
	reconnect.backoff.max.ms = 1000
	reconnect.backoff.ms = 50
	request.timeout.ms = 30000
	retry.backoff.max.ms = 1000
	retry.backoff.ms = 100
	sasl.client.callback.handler.class = null
	sasl.jaas.config = null
	sasl.kerberos.kinit.cmd = /usr/bin/kinit
	sasl.kerberos.min.time.before.relogin = 60000
	sasl.kerberos.service.name = null
	sasl.kerberos.ticket.renew.jitter = 0.05
	sasl.kerberos.ticket.renew.window.factor = 0.8
	sasl.login.callback.handler.class = null
	sasl.login.class = null
	sasl.login.connect.timeout.ms = null
	sasl.login.read.timeout.ms = null
	sasl.login.refresh.buffer.seconds = 300
	sasl.login.refresh.min.period.seconds = 60
	sasl.login.refresh.window.factor = 0.8
	sasl.login.refresh.window.jitter = 0.05
	sasl.login.retry.backoff.max.ms = 10000
	sasl.login.retry.backoff.ms = 100
	sasl.mechanism = GSSAPI
	sasl.oauthbearer.clock.skew.seconds = 30
	sasl.oauthbearer.expected.audience = null
	sasl.oauthbearer.expected.issuer = null
	sasl.oauthbearer.header.urlencode = false
	sasl.oauthbearer.jwks.endpoint.refresh.ms = 3600000
	sasl.oauthbearer.jwks.endpoint.retry.backoff.max.ms = 10000
	sasl.oauthbearer.jwks.endpoint.retry.backoff.ms = 100
	sasl.oauthbearer.jwks.endpoint.url = null
	sasl.oauthbearer.scope.claim.name = scope
	sasl.oauthbearer.sub.claim.name = sub
	sasl.oauthbearer.token.endpoint.url = null
	security.protocol = PLAINTEXT
	security.providers = null
	send.buffer.bytes = 131072
	session.timeout.ms = 45000
	socket.connection.setup.timeout.max.ms = 30000
	socket.connection.setup.timeout.ms = 10000
	ssl.cipher.suites = null
	ssl.enabled.protocols = [TLSv1.2, TLSv1.3]
	ssl.endpoint.identification.algorithm = https
	ssl.engine.factory.class = null
	ssl.key.password = null
	ssl.keymanager.algorithm = SunX509
	ssl.keystore.certificate.chain = null
	ssl.keystore.key = null
	ssl.keystore.location = null
	ssl.keystore.password = null
	ssl.keystore.type = JKS
	ssl.protocol = TLSv1.3
	ssl.provider = null
	ssl.secure.random.implementation = null
	ssl.trustmanager.algorithm = PKIX
	ssl.truststore.certificates = null
	ssl.truststore.location = null
	ssl.truststore.password = null
	ssl.truststore.type = JKS
	value.deserializer = class org.springframework.kafka.support.serializer.JsonDeserializer

2026-08-11T13:15:40.025+05:30  INFO 11552 --- [ytrep] [main] o.a.k.c.t.i.KafkaMetricsCollector        : initializing Kafka metrics collector
2026-08-11T13:15:40.173+05:30  INFO 11552 --- [ytrep] [main] o.a.kafka.common.utils.AppInfoParser     : Kafka version: 3.9.1
2026-08-11T13:15:40.174+05:30  INFO 11552 --- [ytrep] [main] o.a.kafka.common.utils.AppInfoParser     : Kafka commitId: f745dfdcee2b9851
2026-08-11T13:15:40.174+05:30  INFO 11552 --- [ytrep] [main] o.a.kafka.common.utils.AppInfoParser     : Kafka startTimeMs: 1786434340173
2026-08-11T13:15:40.188+05:30  INFO 11552 --- [ytrep] [main] o.a.k.c.c.i.ClassicKafkaConsumer         : [Consumer clientId=consumer-video-processing-group-1, groupId=video-processing-group] Subscribed to topic(s): transcode-completion
2026-08-11T13:15:40.205+05:30  INFO 11552 --- [ytrep] [main] o.a.k.clients.consumer.ConsumerConfig    : ConsumerConfig values: 
	allow.auto.create.topics = true
	auto.commit.interval.ms = 5000
	auto.include.jmx.reporter = true
	auto.offset.reset = latest
	bootstrap.servers = [localhost:9092]
	check.crcs = true
	client.dns.lookup = use_all_dns_ips
	client.id = consumer-video-processing-group-2
	client.rack = 
	connections.max.idle.ms = 540000
	default.api.timeout.ms = 60000
	enable.auto.commit = false
	enable.metrics.push = true
	exclude.internal.topics = true
	fetch.max.bytes = 52428800
	fetch.max.wait.ms = 500
	fetch.min.bytes = 1
	group.id = video-processing-group
	group.instance.id = null
	group.protocol = classic
	group.remote.assignor = null
	heartbeat.interval.ms = 3000
	interceptor.classes = []
	internal.leave.group.on.close = true
	internal.throw.on.fetch.stable.offset.unsupported = false
	isolation.level = read_uncommitted
	key.deserializer = class org.apache.kafka.common.serialization.StringDeserializer
	max.partition.fetch.bytes = 1048576
	max.poll.interval.ms = 300000
	max.poll.records = 500
	metadata.max.age.ms = 300000
	metadata.recovery.strategy = none
	metric.reporters = []
	metrics.num.samples = 2
	metrics.recording.level = INFO
	metrics.sample.window.ms = 30000
	partition.assignment.strategy = [class org.apache.kafka.clients.consumer.RangeAssignor, class org.apache.kafka.clients.consumer.CooperativeStickyAssignor]
	receive.buffer.bytes = 65536
	reconnect.backoff.max.ms = 1000
	reconnect.backoff.ms = 50
	request.timeout.ms = 30000
	retry.backoff.max.ms = 1000
	retry.backoff.ms = 100
	sasl.client.callback.handler.class = null
	sasl.jaas.config = null
	sasl.kerberos.kinit.cmd = /usr/bin/kinit
	sasl.kerberos.min.time.before.relogin = 60000
	sasl.kerberos.service.name = null
	sasl.kerberos.ticket.renew.jitter = 0.05
	sasl.kerberos.ticket.renew.window.factor = 0.8
	sasl.login.callback.handler.class = null
	sasl.login.class = null
	sasl.login.connect.timeout.ms = null
	sasl.login.read.timeout.ms = null
	sasl.login.refresh.buffer.seconds = 300
	sasl.login.refresh.min.period.seconds = 60
	sasl.login.refresh.window.factor = 0.8
	sasl.login.refresh.window.jitter = 0.05
	sasl.login.retry.backoff.max.ms = 10000
	sasl.login.retry.backoff.ms = 100
	sasl.mechanism = GSSAPI
	sasl.oauthbearer.clock.skew.seconds = 30
	sasl.oauthbearer.expected.audience = null
	sasl.oauthbearer.expected.issuer = null
	sasl.oauthbearer.header.urlencode = false
	sasl.oauthbearer.jwks.endpoint.refresh.ms = 3600000
	sasl.oauthbearer.jwks.endpoint.retry.backoff.max.ms = 10000
	sasl.oauthbearer.jwks.endpoint.retry.backoff.ms = 100
	sasl.oauthbearer.jwks.endpoint.url = null
	sasl.oauthbearer.scope.claim.name = scope
	sasl.oauthbearer.sub.claim.name = sub
	sasl.oauthbearer.token.endpoint.url = null
	security.protocol = PLAINTEXT
	security.providers = null
	send.buffer.bytes = 131072
	session.timeout.ms = 45000
	socket.connection.setup.timeout.max.ms = 30000
	socket.connection.setup.timeout.ms = 10000
	ssl.cipher.suites = null
	ssl.enabled.protocols = [TLSv1.2, TLSv1.3]
	ssl.endpoint.identification.algorithm = https
	ssl.engine.factory.class = null
	ssl.key.password = null
	ssl.keymanager.algorithm = SunX509
	ssl.keystore.certificate.chain = null
	ssl.keystore.key = null
	ssl.keystore.location = null
	ssl.keystore.password = null
	ssl.keystore.type = JKS
	ssl.protocol = TLSv1.3
	ssl.provider = null
	ssl.secure.random.implementation = null
	ssl.trustmanager.algorithm = PKIX
	ssl.truststore.certificates = null
	ssl.truststore.location = null
	ssl.truststore.password = null
	ssl.truststore.type = JKS
	value.deserializer = class org.apache.kafka.common.serialization.StringDeserializer

2026-08-11T13:15:40.206+05:30  INFO 11552 --- [ytrep] [main] o.a.k.c.t.i.KafkaMetricsCollector        : initializing Kafka metrics collector
2026-08-11T13:15:40.221+05:30  INFO 11552 --- [ytrep] [main] o.a.kafka.common.utils.AppInfoParser     : Kafka version: 3.9.1
2026-08-11T13:15:40.221+05:30  INFO 11552 --- [ytrep] [main] o.a.kafka.common.utils.AppInfoParser     : Kafka commitId: f745dfdcee2b9851
2026-08-11T13:15:40.221+05:30  INFO 11552 --- [ytrep] [main] o.a.kafka.common.utils.AppInfoParser     : Kafka startTimeMs: 1786434340220
2026-08-11T13:15:40.222+05:30  INFO 11552 --- [ytrep] [main] o.a.k.c.c.i.ClassicKafkaConsumer         : [Consumer clientId=consumer-video-processing-group-2, groupId=video-processing-group] Subscribed to topic(s): transcode-progress
2026-08-11T13:15:40.237+05:30  INFO 11552 --- [ytrep] [org.springframework.kafka.KafkaListenerEndpointContainer#0-0-C-1] org.apache.kafka.clients.Metadata        : [Consumer clientId=consumer-video-processing-group-1, groupId=video-processing-group] Cluster ID: 
2026-08-11T13:15:40.239+05:30  INFO 11552 --- [ytrep] [org.springframework.kafka.KafkaListenerEndpointContainer#0-0-C-1] o.a.k.c.c.internals.ConsumerCoordinator  : [Consumer clientId=consumer-video-processing-group-1, groupId=video-processing-group] Discovered group coordinator localhost:9092 (id: 2147483646 rack: null)
2026-08-11T13:15:40.240+05:30  INFO 11552 --- [ytrep] [org.springframework.kafka.KafkaListenerEndpointContainer#1-0-C-1] org.apache.kafka.clients.Metadata        : [Consumer clientId=consumer-video-processing-group-2, groupId=video-processing-group] Cluster ID: 
2026-08-11T13:15:40.241+05:30  INFO 11552 --- [ytrep] [org.springframework.kafka.KafkaListenerEndpointContainer#1-0-C-1] o.a.k.c.c.internals.ConsumerCoordinator  : [Consumer clientId=consumer-video-processing-group-2, groupId=video-processing-group] Discovered group coordinator localhost:9092 (id: 2147483646 rack: null)
2026-08-11T13:15:40.245+05:30  INFO 11552 --- [ytrep] [org.springframework.kafka.KafkaListenerEndpointContainer#1-0-C-1] o.a.k.c.c.internals.ConsumerCoordinator  : [Consumer clientId=consumer-video-processing-group-2, groupId=video-processing-group] (Re-)joining group
2026-08-11T13:15:40.245+05:30  INFO 11552 --- [ytrep] [org.springframework.kafka.KafkaListenerEndpointContainer#0-0-C-1] o.a.k.c.c.internals.ConsumerCoordinator  : [Consumer clientId=consumer-video-processing-group-1, groupId=video-processing-group] (Re-)joining group
2026-08-11T13:15:40.265+05:30  INFO 11552 --- [ytrep] [main] com.learning.ytrep.YtrepApplication      : Started YtrepApplication in 15.268 seconds (process running for 16.0)
2026-08-11T13:15:40.293+05:30  INFO 11552 --- [ytrep] [org.springframework.kafka.KafkaListenerEndpointContainer#1-0-C-1] o.a.k.c.c.internals.ConsumerCoordinator  : [Consumer clientId=consumer-video-processing-group-2, groupId=video-processing-group] Request joining group due to: need to re-join with the given member-id: consumer-video-processing-group-2-bd6a1c24-c28d-4c44-b870-48571923ba21
2026-08-11T13:15:40.293+05:30  INFO 11552 --- [ytrep] [org.springframework.kafka.KafkaListenerEndpointContainer#0-0-C-1] o.a.k.c.c.internals.ConsumerCoordinator  : [Consumer clientId=consumer-video-processing-group-1, groupId=video-processing-group] Request joining group due to: need to re-join with the given member-id: consumer-video-processing-group-1-6afdb8cb-189d-4e46-89f8-e13be900cb95
2026-08-11T13:15:40.294+05:30  INFO 11552 --- [ytrep] [org.springframework.kafka.KafkaListenerEndpointContainer#0-0-C-1] o.a.k.c.c.internals.ConsumerCoordinator  : [Consumer clientId=consumer-video-processing-group-1, groupId=video-processing-group] (Re-)joining group
2026-08-11T13:15:40.294+05:30  INFO 11552 --- [ytrep] [org.springframework.kafka.KafkaListenerEndpointContainer#1-0-C-1] o.a.k.c.c.internals.ConsumerCoordinator  : [Consumer clientId=consumer-video-processing-group-2, groupId=video-processing-group] (Re-)joining group
2026-08-11T13:15:40.846+05:30  WARN 11552 --- [ytrep] [main] o.s.core.events.SpringDocAppInitializer  : SpringDoc /v3/api-docs endpoint is enabled by default. To disable it in production, set the property 'springdoc.api-docs.enabled=false'
2026-08-11T13:15:40.846+05:30  WARN 11552 --- [ytrep] [main] o.s.core.events.SpringDocAppInitializer  : SpringDoc /swagger-ui.html endpoint is enabled by default. To disable it in production, set the property 'springdoc.swagger-ui.enabled=false'
2026-08-11T13:15:46.309+05:30  INFO 11552 --- [ytrep] [org.springframework.kafka.KafkaListenerEndpointContainer#0-0-C-1] o.a.k.c.c.internals.ConsumerCoordinator  : [Consumer clientId=consumer-video-processing-group-1, groupId=video-processing-group] Successfully joined group with generation Generation{generationId=10, memberId='consumer-video-processing-group-1-6afdb8cb-189d-4e46-89f8-e13be900cb95', protocol='range'}
2026-08-11T13:15:46.309+05:30  INFO 11552 --- [ytrep] [org.springframework.kafka.KafkaListenerEndpointContainer#1-0-C-1] o.a.k.c.c.internals.ConsumerCoordinator  : [Consumer clientId=consumer-video-processing-group-2, groupId=video-processing-group] Successfully joined group with generation Generation{generationId=10, memberId='consumer-video-processing-group-2-bd6a1c24-c28d-4c44-b870-48571923ba21', protocol='range'}
2026-08-11T13:15:46.349+05:30  INFO 11552 --- [ytrep] [org.springframework.kafka.KafkaListenerEndpointContainer#1-0-C-1] o.a.k.c.c.internals.ConsumerCoordinator  : [Consumer clientId=consumer-video-processing-group-2, groupId=video-processing-group] Finished assignment for group at generation 10: {consumer-video-processing-group-2-bd6a1c24-c28d-4c44-b870-48571923ba21=Assignment(partitions=[transcode-progress-0]), consumer-video-processing-group-1-6afdb8cb-189d-4e46-89f8-e13be900cb95=Assignment(partitions=[transcode-completion-0])}
2026-08-11T13:15:46.386+05:30  INFO 11552 --- [ytrep] [org.springframework.kafka.KafkaListenerEndpointContainer#1-0-C-1] o.a.k.c.c.internals.ConsumerCoordinator  : [Consumer clientId=consumer-video-processing-group-2, groupId=video-processing-group] Successfully synced group in generation Generation{generationId=10, memberId='consumer-video-processing-group-2-bd6a1c24-c28d-4c44-b870-48571923ba21', protocol='range'}
2026-08-11T13:15:46.387+05:30  INFO 11552 --- [ytrep] [org.springframework.kafka.KafkaListenerEndpointContainer#0-0-C-1] o.a.k.c.c.internals.ConsumerCoordinator  : [Consumer clientId=consumer-video-processing-group-1, groupId=video-processing-group] Successfully synced group in generation Generation{generationId=10, memberId='consumer-video-processing-group-1-6afdb8cb-189d-4e46-89f8-e13be900cb95', protocol='range'}
2026-08-11T13:15:46.388+05:30  INFO 11552 --- [ytrep] [org.springframework.kafka.KafkaListenerEndpointContainer#0-0-C-1] o.a.k.c.c.internals.ConsumerCoordinator  : [Consumer clientId=consumer-video-processing-group-1, groupId=video-processing-group] Notifying assignor about the new Assignment(partitions=[transcode-completion-0])
2026-08-11T13:15:46.388+05:30  INFO 11552 --- [ytrep] [org.springframework.kafka.KafkaListenerEndpointContainer#1-0-C-1] o.a.k.c.c.internals.ConsumerCoordinator  : [Consumer clientId=consumer-video-processing-group-2, groupId=video-processing-group] Notifying assignor about the new Assignment(partitions=[transcode-progress-0])
2026-08-11T13:15:46.409+05:30  INFO 11552 --- [ytrep] [org.springframework.kafka.KafkaListenerEndpointContainer#1-0-C-1] k.c.c.i.ConsumerRebalanceListenerInvoker : [Consumer clientId=consumer-video-processing-group-2, groupId=video-processing-group] Adding newly assigned partitions: transcode-progress-0
2026-08-11T13:15:46.409+05:30  INFO 11552 --- [ytrep] [org.springframework.kafka.KafkaListenerEndpointContainer#0-0-C-1] k.c.c.i.ConsumerRebalanceListenerInvoker : [Consumer clientId=consumer-video-processing-group-1, groupId=video-processing-group] Adding newly assigned partitions: transcode-completion-0
2026-08-11T13:15:46.432+05:30  INFO 11552 --- [ytrep] [org.springframework.kafka.KafkaListenerEndpointContainer#0-0-C-1] o.a.k.c.c.internals.ConsumerUtils        : Setting offset for partition transcode-completion-0 to the committed offset FetchPosition{offset=7, offsetEpoch=Optional.empty, currentLeader=LeaderAndEpoch{leader=Optional[localhost:9092 (id: 1 rack: null)], epoch=12}}
2026-08-11T13:15:46.433+05:30  INFO 11552 --- [ytrep] [org.springframework.kafka.KafkaListenerEndpointContainer#1-0-C-1] o.a.k.c.c.internals.ConsumerUtils        : Setting offset for partition transcode-progress-0 to the committed offset FetchPosition{offset=57, offsetEpoch=Optional.empty, currentLeader=LeaderAndEpoch{leader=Optional[localhost:9092 (id: 1 rack: null)], epoch=12}}
2026-08-11T13:15:46.434+05:30  INFO 11552 --- [ytrep] [org.springframework.kafka.KafkaListenerEndpointContainer#1-0-C-1] o.s.k.l.KafkaMessageListenerContainer    : video-processing-group: partitions assigned: [transcode-progress-0]
2026-08-11T13:15:46.434+05:30  INFO 11552 --- [ytrep] [org.springframework.kafka.KafkaListenerEndpointContainer#0-0-C-1] o.s.k.l.KafkaMessageListenerContainer    : video-processing-group: partitions assigned: [transcode-completion-0]
2026-08-11T13:16:49.350+05:30  WARN 11552 --- [ytrep] [org.springframework.kafka.KafkaListenerEndpointContainer#0-0-C-1] c.l.y.s.TranscodeCompletionConsumer      : Transcode completion received for unknown video id 1
2026-08-11T13:17:41.562+05:30  INFO 11552 --- [ytrep] [http-nio-8080-exec-2] o.a.c.c.C.[Tomcat].[localhost].[/]       : Initializing Spring DispatcherServlet 'dispatcherServlet'
2026-08-11T13:17:41.563+05:30  INFO 11552 --- [ytrep] [http-nio-8080-exec-2] o.s.web.servlet.DispatcherServlet        : Initializing Servlet 'dispatcherServlet'
2026-08-11T13:17:41.566+05:30  INFO 11552 --- [ytrep] [http-nio-8080-exec-2] o.s.web.servlet.DispatcherServlet        : Completed initialization in 2 ms
2026-08-11T13:17:41.608+05:30 DEBUG 11552 --- [ytrep] [http-nio-8080-exec-3] o.s.security.web.FilterChainProxy        : Securing OPTIONS /api/get-all-video
2026-08-11T13:17:41.608+05:30 DEBUG 11552 --- [ytrep] [http-nio-8080-exec-4] o.s.security.web.FilterChainProxy        : Securing OPTIONS /api/likes/my-likes
2026-08-11T13:17:41.608+05:30 DEBUG 11552 --- [ytrep] [http-nio-8080-exec-2] o.s.security.web.FilterChainProxy        : Securing OPTIONS /api/get-all-video
2026-08-11T13:17:41.608+05:30 DEBUG 11552 --- [ytrep] [http-nio-8080-exec-1] o.s.security.web.FilterChainProxy        : Securing OPTIONS /api/get-all-video
2026-08-11T13:17:41.680+05:30 DEBUG 11552 --- [ytrep] [http-nio-8080-exec-6] o.s.security.web.FilterChainProxy        : Securing GET /api/get-all-video
2026-08-11T13:17:41.680+05:30 DEBUG 11552 --- [ytrep] [http-nio-8080-exec-5] o.s.security.web.FilterChainProxy        : Securing GET /api/likes/my-likes
2026-08-11T13:17:41.845+05:30 DEBUG 11552 --- [ytrep] [http-nio-8080-exec-5] o.s.s.w.a.AnonymousAuthenticationFilter  : Set SecurityContextHolder to anonymous SecurityContext
2026-08-11T13:17:41.845+05:30 DEBUG 11552 --- [ytrep] [http-nio-8080-exec-6] o.s.s.w.a.AnonymousAuthenticationFilter  : Set SecurityContextHolder to anonymous SecurityContext
2026-08-11T13:17:41.856+05:30 DEBUG 11552 --- [ytrep] [http-nio-8080-exec-6] o.s.security.web.FilterChainProxy        : Secured GET /api/get-all-video
2026-08-11T13:17:41.860+05:30 DEBUG 11552 --- [ytrep] [http-nio-8080-exec-5] o.s.s.w.a.Http403ForbiddenEntryPoint     : Pre-authenticated entry point called. Rejecting access
2026-08-11T13:17:41.872+05:30 DEBUG 11552 --- [ytrep] [http-nio-8080-exec-5] o.s.security.web.FilterChainProxy        : Securing GET /error
2026-08-11T13:17:41.875+05:30 DEBUG 11552 --- [ytrep] [http-nio-8080-exec-5] o.s.security.web.FilterChainProxy        : Secured GET /error
2026-08-11T13:17:41.930+05:30 DEBUG 11552 --- [ytrep] [http-nio-8080-exec-5] o.s.s.w.a.AnonymousAuthenticationFilter  : Set SecurityContextHolder to anonymous SecurityContext
2026-08-11T13:17:41.931+05:30 DEBUG 11552 --- [ytrep] [http-nio-8080-exec-7] o.s.security.web.FilterChainProxy        : Securing GET /api/get-all-video
2026-08-11T13:17:41.935+05:30 DEBUG 11552 --- [ytrep] [http-nio-8080-exec-7] o.s.s.w.a.AnonymousAuthenticationFilter  : Set SecurityContextHolder to anonymous SecurityContext
2026-08-11T13:17:41.937+05:30 DEBUG 11552 --- [ytrep] [http-nio-8080-exec-7] o.s.security.web.FilterChainProxy        : Secured GET /api/get-all-video
2026-08-11T13:17:41.948+05:30 DEBUG 11552 --- [ytrep] [http-nio-8080-exec-8] o.s.security.web.FilterChainProxy        : Securing GET /api/get-all-video
2026-08-11T13:17:41.954+05:30 DEBUG 11552 --- [ytrep] [http-nio-8080-exec-8] o.s.s.w.a.AnonymousAuthenticationFilter  : Set SecurityContextHolder to anonymous SecurityContext
2026-08-11T13:17:41.956+05:30 DEBUG 11552 --- [ytrep] [http-nio-8080-exec-8] o.s.security.web.FilterChainProxy        : Secured GET /api/get-all-video
2026-08-11T13:17:46.845+05:30 DEBUG 11552 --- [ytrep] [http-nio-8080-exec-9] o.s.security.web.FilterChainProxy        : Securing OPTIONS /api/auth/signin
2026-08-11T13:17:46.853+05:30 DEBUG 11552 --- [ytrep] [http-nio-8080-exec-10] o.s.security.web.FilterChainProxy        : Securing POST /api/auth/signin
2026-08-11T13:17:46.856+05:30 DEBUG 11552 --- [ytrep] [http-nio-8080-exec-10] o.s.s.w.a.AnonymousAuthenticationFilter  : Set SecurityContextHolder to anonymous SecurityContext
2026-08-11T13:17:46.857+05:30 DEBUG 11552 --- [ytrep] [http-nio-8080-exec-10] o.s.security.web.FilterChainProxy        : Secured POST /api/auth/signin
2026-08-11T13:17:47.160+05:30 DEBUG 11552 --- [ytrep] [http-nio-8080-exec-10] o.s.s.a.dao.DaoAuthenticationProvider    : Authenticated user
2026-08-11T13:17:47.269+05:30 DEBUG 11552 --- [ytrep] [http-nio-8080-exec-4] o.s.security.web.FilterChainProxy        : Securing GET /api/get-all-video
2026-08-11T13:17:47.272+05:30 DEBUG 11552 --- [ytrep] [http-nio-8080-exec-5] o.s.security.web.FilterChainProxy        : Securing GET /api/likes/my-likes
2026-08-11T13:17:47.312+05:30 DEBUG 11552 --- [ytrep] [http-nio-8080-exec-5] o.s.security.web.FilterChainProxy        : Secured GET /api/likes/my-likes
2026-08-11T13:17:47.315+05:30 DEBUG 11552 --- [ytrep] [http-nio-8080-exec-5] horizationManagerBeforeMethodInterceptor : Authorizing method invocation ReflectiveMethodInvocation: public org.springframework.http.ResponseEntity com.learning.ytrep.controller.UserLikeController.getMyLikedVideos(org.springframework.security.core.Authentication); target is of class [com.learning.ytrep.controller.UserLikeController]
2026-08-11T13:17:47.329+05:30 DEBUG 11552 --- [ytrep] [http-nio-8080-exec-4] o.s.security.web.FilterChainProxy        : Secured GET /api/get-all-video
2026-08-11T13:17:47.338+05:30 DEBUG 11552 --- [ytrep] [http-nio-8080-exec-5] horizationManagerBeforeMethodInterceptor : Authorized method invocation ReflectiveMethodInvocation: public org.springframework.http.ResponseEntity com.learning.ytrep.controller.UserLikeController.getMyLikedVideos(org.springframework.security.core.Authentication); target is of class [com.learning.ytrep.controller.UserLikeController]
2026-08-11T13:17:47.341+05:30 DEBUG 11552 --- [ytrep] [http-nio-8080-exec-6] o.s.security.web.FilterChainProxy        : Securing GET /api/get-all-video
2026-08-11T13:17:47.362+05:30 DEBUG 11552 --- [ytrep] [http-nio-8080-exec-7] o.s.security.web.FilterChainProxy        : Securing GET /api/likes/my-likes
2026-08-11T13:17:47.366+05:30 DEBUG 11552 --- [ytrep] [http-nio-8080-exec-6] o.s.security.web.FilterChainProxy        : Secured GET /api/get-all-video
2026-08-11T13:17:47.379+05:30 DEBUG 11552 --- [ytrep] [http-nio-8080-exec-7] o.s.security.web.FilterChainProxy        : Secured GET /api/likes/my-likes
2026-08-11T13:17:47.380+05:30 DEBUG 11552 --- [ytrep] [http-nio-8080-exec-7] horizationManagerBeforeMethodInterceptor : Authorizing method invocation ReflectiveMethodInvocation: public org.springframework.http.ResponseEntity com.learning.ytrep.controller.UserLikeController.getMyLikedVideos(org.springframework.security.core.Authentication); target is of class [com.learning.ytrep.controller.UserLikeController]
2026-08-11T13:17:47.381+05:30 DEBUG 11552 --- [ytrep] [http-nio-8080-exec-7] horizationManagerBeforeMethodInterceptor : Authorized method invocation ReflectiveMethodInvocation: public org.springframework.http.ResponseEntity com.learning.ytrep.controller.UserLikeController.getMyLikedVideos(org.springframework.security.core.Authentication); target is of class [com.learning.ytrep.controller.UserLikeController]
2026-08-11T13:18:02.801+05:30 DEBUG 11552 --- [ytrep] [http-nio-8080-exec-3] o.s.security.web.FilterChainProxy        : Securing OPTIONS /api/posting-video
2026-08-11T13:18:02.811+05:30 DEBUG 11552 --- [ytrep] [http-nio-8080-exec-1] o.s.security.web.FilterChainProxy        : Securing POST /api/posting-video
2026-08-11T13:18:02.833+05:30 DEBUG 11552 --- [ytrep] [http-nio-8080-exec-1] o.s.security.web.FilterChainProxy        : Secured POST /api/posting-video
2026-08-11T13:18:06.648+05:30 DEBUG 11552 --- [ytrep] [http-nio-8080-exec-1] horizationManagerBeforeMethodInterceptor : Authorizing method invocation ReflectiveMethodInvocation: public org.springframework.http.ResponseEntity com.learning.ytrep.controller.VideoController.postVideo(com.learning.ytrep.payload.VideoUploadRequest,org.springframework.web.multipart.MultipartFile,org.springframework.web.multipart.MultipartFile,org.springframework.security.core.Authentication); target is of class [com.learning.ytrep.controller.VideoController]
2026-08-11T13:18:06.651+05:30 DEBUG 11552 --- [ytrep] [http-nio-8080-exec-1] horizationManagerBeforeMethodInterceptor : Authorized method invocation ReflectiveMethodInvocation: public org.springframework.http.ResponseEntity com.learning.ytrep.controller.VideoController.postVideo(com.learning.ytrep.payload.VideoUploadRequest,org.springframework.web.multipart.MultipartFile,org.springframework.web.multipart.MultipartFile,org.springframework.security.core.Authentication); target is of class [com.learning.ytrep.controller.VideoController]
2026-08-11T13:18:12.574+05:30  INFO 11552 --- [ytrep] [http-nio-8080-exec-1] o.a.k.clients.producer.ProducerConfig    : ProducerConfig values: 
	acks = -1
	auto.include.jmx.reporter = true
	batch.size = 16384
	bootstrap.servers = [localhost:9092]
	buffer.memory = 33554432
	client.dns.lookup = use_all_dns_ips
	client.id = ytrep-producer-1
	compression.gzip.level = -1
	compression.lz4.level = 9
	compression.type = none
	compression.zstd.level = 3
	connections.max.idle.ms = 540000
	delivery.timeout.ms = 120000
	enable.idempotence = true
	enable.metrics.push = true
	interceptor.classes = []
	key.serializer = class org.apache.kafka.common.serialization.StringSerializer
	linger.ms = 0
	max.block.ms = 60000
	max.in.flight.requests.per.connection = 5
	max.request.size = 1048576
	metadata.max.age.ms = 300000
	metadata.max.idle.ms = 300000
	metadata.recovery.strategy = none
	metric.reporters = []
	metrics.num.samples = 2
	metrics.recording.level = INFO
	metrics.sample.window.ms = 30000
	partitioner.adaptive.partitioning.enable = true
	partitioner.availability.timeout.ms = 0
	partitioner.class = null
	partitioner.ignore.keys = false
	receive.buffer.bytes = 32768
	reconnect.backoff.max.ms = 1000
	reconnect.backoff.ms = 50
	request.timeout.ms = 30000
	retries = 2147483647
	retry.backoff.max.ms = 1000
	retry.backoff.ms = 100
	sasl.client.callback.handler.class = null
	sasl.jaas.config = null
	sasl.kerberos.kinit.cmd = /usr/bin/kinit
	sasl.kerberos.min.time.before.relogin = 60000
	sasl.kerberos.service.name = null
	sasl.kerberos.ticket.renew.jitter = 0.05
	sasl.kerberos.ticket.renew.window.factor = 0.8
	sasl.login.callback.handler.class = null
	sasl.login.class = null
	sasl.login.connect.timeout.ms = null
	sasl.login.read.timeout.ms = null
	sasl.login.refresh.buffer.seconds = 300
	sasl.login.refresh.min.period.seconds = 60
	sasl.login.refresh.window.factor = 0.8
	sasl.login.refresh.window.jitter = 0.05
	sasl.login.retry.backoff.max.ms = 10000
	sasl.login.retry.backoff.ms = 100
	sasl.mechanism = GSSAPI
	sasl.oauthbearer.clock.skew.seconds = 30
	sasl.oauthbearer.expected.audience = null
	sasl.oauthbearer.expected.issuer = null
	sasl.oauthbearer.header.urlencode = false
	sasl.oauthbearer.jwks.endpoint.refresh.ms = 3600000
	sasl.oauthbearer.jwks.endpoint.retry.backoff.max.ms = 10000
	sasl.oauthbearer.jwks.endpoint.retry.backoff.ms = 100
	sasl.oauthbearer.jwks.endpoint.url = null
	sasl.oauthbearer.scope.claim.name = scope
	sasl.oauthbearer.sub.claim.name = sub
	sasl.oauthbearer.token.endpoint.url = null
	security.protocol = PLAINTEXT
	security.providers = null
	send.buffer.bytes = 131072
	socket.connection.setup.timeout.max.ms = 30000
	socket.connection.setup.timeout.ms = 10000
	ssl.cipher.suites = null
	ssl.enabled.protocols = [TLSv1.2, TLSv1.3]
	ssl.endpoint.identification.algorithm = https
	ssl.engine.factory.class = null
	ssl.key.password = null
	ssl.keymanager.algorithm = SunX509
	ssl.keystore.certificate.chain = null
	ssl.keystore.key = null
	ssl.keystore.location = null
	ssl.keystore.password = null
	ssl.keystore.type = JKS
	ssl.protocol = TLSv1.3
	ssl.provider = null
	ssl.secure.random.implementation = null
	ssl.trustmanager.algorithm = PKIX
	ssl.truststore.certificates = null
	ssl.truststore.location = null
	ssl.truststore.password = null
	ssl.truststore.type = JKS
	transaction.timeout.ms = 60000
	transactional.id = null
	value.serializer = class org.springframework.kafka.support.serializer.JsonSerializer

2026-08-11T13:18:12.577+05:30  INFO 11552 --- [ytrep] [http-nio-8080-exec-1] o.a.k.c.t.i.KafkaMetricsCollector        : initializing Kafka metrics collector
2026-08-11T13:18:12.599+05:30  INFO 11552 --- [ytrep] [http-nio-8080-exec-1] o.a.k.clients.producer.KafkaProducer     : [Producer clientId=ytrep-producer-1] Instantiated an idempotent producer.
2026-08-11T13:18:12.627+05:30  INFO 11552 --- [ytrep] [http-nio-8080-exec-1] o.a.kafka.common.utils.AppInfoParser     : Kafka version: 3.9.1
2026-08-11T13:18:12.627+05:30  INFO 11552 --- [ytrep] [http-nio-8080-exec-1] o.a.kafka.common.utils.AppInfoParser     : Kafka commitId: f745dfdcee2b9851
2026-08-11T13:18:12.628+05:30  INFO 11552 --- [ytrep] [http-nio-8080-exec-1] o.a.kafka.common.utils.AppInfoParser     : Kafka startTimeMs: 1786434492627
2026-08-11T13:18:12.640+05:30  INFO 11552 --- [ytrep] [kafka-producer-network-thread | ytrep-producer-1] org.apache.kafka.clients.Metadata        : [Producer clientId=ytrep-producer-1] Cluster ID: 
2026-08-11T13:18:12.640+05:30  INFO 11552 --- [ytrep] [kafka-producer-network-thread | ytrep-producer-1] o.a.k.c.p.internals.TransactionManager   : [Producer clientId=ytrep-producer-1] ProducerId set to 3001 with epoch 0
2026-08-11T13:18:12.701+05:30  INFO 11552 --- [ytrep] [kafka-producer-network-thread | ytrep-producer-1] c.l.y.service.TranscodeRequestProducer   : Sent transcode request for video 1 to topic transcode-requests
2026-08-11T13:18:14.291+05:30 DEBUG 11552 --- [ytrep] [http-nio-8080-exec-2] o.s.security.web.FilterChainProxy        : Securing GET /api/get-all-video
2026-08-11T13:18:14.291+05:30 DEBUG 11552 --- [ytrep] [http-nio-8080-exec-4] o.s.security.web.FilterChainProxy        : Securing GET /api/likes/my-likes
2026-08-11T13:18:14.309+05:30 DEBUG 11552 --- [ytrep] [http-nio-8080-exec-2] o.s.security.web.FilterChainProxy        : Secured GET /api/get-all-video
2026-08-11T13:18:14.309+05:30 DEBUG 11552 --- [ytrep] [http-nio-8080-exec-4] o.s.security.web.FilterChainProxy        : Secured GET /api/likes/my-likes
2026-08-11T13:18:14.311+05:30 DEBUG 11552 --- [ytrep] [http-nio-8080-exec-4] horizationManagerBeforeMethodInterceptor : Authorizing method invocation ReflectiveMethodInvocation: public org.springframework.http.ResponseEntity com.learning.ytrep.controller.UserLikeController.getMyLikedVideos(org.springframework.security.core.Authentication); target is of class [com.learning.ytrep.controller.UserLikeController]
2026-08-11T13:18:14.316+05:30 DEBUG 11552 --- [ytrep] [http-nio-8080-exec-4] horizationManagerBeforeMethodInterceptor : Authorized method invocation ReflectiveMethodInvocation: public org.springframework.http.ResponseEntity com.learning.ytrep.controller.UserLikeController.getMyLikedVideos(org.springframework.security.core.Authentication); target is of class [com.learning.ytrep.controller.UserLikeController]
2026-08-11T13:18:14.342+05:30 DEBUG 11552 --- [ytrep] [http-nio-8080-exec-5] o.s.security.web.FilterChainProxy        : Securing GET /api/likes/my-likes
2026-08-11T13:18:14.359+05:30 DEBUG 11552 --- [ytrep] [http-nio-8080-exec-5] o.s.security.web.FilterChainProxy        : Secured GET /api/likes/my-likes
2026-08-11T13:18:14.362+05:30 DEBUG 11552 --- [ytrep] [http-nio-8080-exec-5] horizationManagerBeforeMethodInterceptor : Authorizing method invocation ReflectiveMethodInvocation: public org.springframework.http.ResponseEntity com.learning.ytrep.controller.UserLikeController.getMyLikedVideos(org.springframework.security.core.Authentication); target is of class [com.learning.ytrep.controller.UserLikeController]
2026-08-11T13:18:14.363+05:30 DEBUG 11552 --- [ytrep] [http-nio-8080-exec-5] horizationManagerBeforeMethodInterceptor : Authorized method invocation ReflectiveMethodInvocation: public org.springframework.http.ResponseEntity com.learning.ytrep.controller.UserLikeController.getMyLikedVideos(org.springframework.security.core.Authentication); target is of class [com.learning.ytrep.controller.UserLikeController]
2026-08-11T13:18:14.367+05:30 DEBUG 11552 --- [ytrep] [http-nio-8080-exec-6] o.s.security.web.FilterChainProxy        : Securing GET /api/get-all-video
2026-08-11T13:18:14.384+05:30 DEBUG 11552 --- [ytrep] [http-nio-8080-exec-6] o.s.security.web.FilterChainProxy        : Secured GET /api/get-all-video
2026-08-11T13:18:15.925+05:30 DEBUG 11552 --- [ytrep] [http-nio-8080-exec-7] o.s.security.web.FilterChainProxy        : Securing OPTIONS /api/getVideo/1
2026-08-11T13:18:15.925+05:30 DEBUG 11552 --- [ytrep] [http-nio-8080-exec-9] o.s.security.web.FilterChainProxy        : Securing OPTIONS /api/likes/1/check
2026-08-11T13:18:15.927+05:30 DEBUG 11552 --- [ytrep] [http-nio-8080-exec-10] o.s.security.web.FilterChainProxy        : Securing OPTIONS /api/likes/1/count
2026-08-11T13:18:15.927+05:30 DEBUG 11552 --- [ytrep] [http-nio-8080-exec-8] o.s.security.web.FilterChainProxy        : Securing OPTIONS /api/getVideo/1
2026-08-11T13:18:15.932+05:30 DEBUG 11552 --- [ytrep] [http-nio-8080-exec-1] o.s.security.web.FilterChainProxy        : Securing OPTIONS /api/likes/1/count
2026-08-11T13:18:15.932+05:30 DEBUG 11552 --- [ytrep] [http-nio-8080-exec-3] o.s.security.web.FilterChainProxy        : Securing OPTIONS /api/likes/1/check
2026-08-11T13:18:15.935+05:30 DEBUG 11552 --- [ytrep] [http-nio-8080-exec-4] o.s.security.web.FilterChainProxy        : Securing GET /api/likes/1/check
2026-08-11T13:18:15.935+05:30 DEBUG 11552 --- [ytrep] [http-nio-8080-exec-2] o.s.security.web.FilterChainProxy        : Securing GET /api/getVideo/1
2026-08-11T13:18:15.935+05:30 DEBUG 11552 --- [ytrep] [http-nio-8080-exec-5] o.s.security.web.FilterChainProxy        : Securing GET /api/likes/1/count
2026-08-11T13:18:15.951+05:30 DEBUG 11552 --- [ytrep] [http-nio-8080-exec-2] o.s.security.web.FilterChainProxy        : Secured GET /api/getVideo/1
2026-08-11T13:18:15.951+05:30 DEBUG 11552 --- [ytrep] [http-nio-8080-exec-4] o.s.security.web.FilterChainProxy        : Secured GET /api/likes/1/check
2026-08-11T13:18:15.954+05:30 DEBUG 11552 --- [ytrep] [http-nio-8080-exec-4] horizationManagerBeforeMethodInterceptor : Authorizing method invocation ReflectiveMethodInvocation: public org.springframework.http.ResponseEntity com.learning.ytrep.controller.UserLikeController.hasLiked(java.lang.Long,org.springframework.security.core.Authentication); target is of class [com.learning.ytrep.controller.UserLikeController]
2026-08-11T13:18:15.956+05:30 DEBUG 11552 --- [ytrep] [http-nio-8080-exec-4] horizationManagerBeforeMethodInterceptor : Authorized method invocation ReflectiveMethodInvocation: public org.springframework.http.ResponseEntity com.learning.ytrep.controller.UserLikeController.hasLiked(java.lang.Long,org.springframework.security.core.Authentication); target is of class [com.learning.ytrep.controller.UserLikeController]
2026-08-11T13:18:15.968+05:30 DEBUG 11552 --- [ytrep] [http-nio-8080-exec-5] o.s.security.web.FilterChainProxy        : Secured GET /api/likes/1/count
2026-08-11T13:18:15.971+05:30 DEBUG 11552 --- [ytrep] [http-nio-8080-exec-6] o.s.security.web.FilterChainProxy        : Securing GET /api/getVideo/1
2026-08-11T13:18:15.984+05:30 DEBUG 11552 --- [ytrep] [http-nio-8080-exec-9] o.s.security.web.FilterChainProxy        : Securing OPTIONS /api/videos/1/transcode-progress
2026-08-11T13:18:15.986+05:30 DEBUG 11552 --- [ytrep] [http-nio-8080-exec-6] o.s.security.web.FilterChainProxy        : Secured GET /api/getVideo/1
2026-08-11T13:18:15.989+05:30 DEBUG 11552 --- [ytrep] [http-nio-8080-exec-10] o.s.security.web.FilterChainProxy        : Securing GET /api/likes/1/count
2026-08-11T13:18:15.989+05:30 DEBUG 11552 --- [ytrep] [http-nio-8080-exec-7] o.s.security.web.FilterChainProxy        : Securing GET /api/videos/1/transcode-progress
2026-08-11T13:18:15.996+05:30 DEBUG 11552 --- [ytrep] [http-nio-8080-exec-8] o.s.security.web.FilterChainProxy        : Securing GET /api/likes/1/check
2026-08-11T13:18:16.007+05:30 DEBUG 11552 --- [ytrep] [http-nio-8080-exec-10] o.s.security.web.FilterChainProxy        : Secured GET /api/likes/1/count
2026-08-11T13:18:16.007+05:30 DEBUG 11552 --- [ytrep] [http-nio-8080-exec-7] o.s.security.web.FilterChainProxy        : Secured GET /api/videos/1/transcode-progress
2026-08-11T13:18:16.014+05:30 DEBUG 11552 --- [ytrep] [http-nio-8080-exec-8] o.s.security.web.FilterChainProxy        : Secured GET /api/likes/1/check
2026-08-11T13:18:16.016+05:30 DEBUG 11552 --- [ytrep] [http-nio-8080-exec-8] horizationManagerBeforeMethodInterceptor : Authorizing method invocation ReflectiveMethodInvocation: public org.springframework.http.ResponseEntity com.learning.ytrep.controller.UserLikeController.hasLiked(java.lang.Long,org.springframework.security.core.Authentication); target is of class [com.learning.ytrep.controller.UserLikeController]
2026-08-11T13:18:16.020+05:30 DEBUG 11552 --- [ytrep] [http-nio-8080-exec-8] horizationManagerBeforeMethodInterceptor : Authorized method invocation ReflectiveMethodInvocation: public org.springframework.http.ResponseEntity com.learning.ytrep.controller.UserLikeController.hasLiked(java.lang.Long,org.springframework.security.core.Authentication); target is of class [com.learning.ytrep.controller.UserLikeController]
2026-08-11T13:18:16.028+05:30 DEBUG 11552 --- [ytrep] [http-nio-8080-exec-3] o.s.security.web.FilterChainProxy        : Securing GET /api/videos/1/transcode-progress
2026-08-11T13:18:16.042+05:30 DEBUG 11552 --- [ytrep] [http-nio-8080-exec-3] o.s.security.web.FilterChainProxy        : Secured GET /api/videos/1/transcode-progress
2026-08-11T13:18:19.670+05:30  INFO 11552 --- [ytrep] [org.springframework.kafka.KafkaListenerEndpointContainer#0-0-C-1] c.l.y.s.TranscodeCompletionConsumer      : Video 1 transcoding completed, status -> PUBLISHED (transcodedKey=transcoded/1.mp4)
2026-08-11T13:18:21.014+05:30 DEBUG 11552 --- [ytrep] [http-nio-8080-exec-1] o.s.security.web.FilterChainProxy        : Securing GET /api/getVideo/1
2026-08-11T13:18:21.028+05:30 DEBUG 11552 --- [ytrep] [http-nio-8080-exec-1] o.s.security.web.FilterChainProxy        : Secured GET /api/getVideo/1
2026-08-11T13:18:21.144+05:30 DEBUG 11552 --- [ytrep] [http-nio-8080-exec-2] o.s.security.web.FilterChainProxy        : Securing OPTIONS /api/comments/1
2026-08-11T13:18:21.147+05:30 DEBUG 11552 --- [ytrep] [http-nio-8080-exec-7] o.s.security.web.FilterChainProxy        : Securing GET /api/videos/1/stream
2026-08-11T13:18:21.150+05:30 DEBUG 11552 --- [ytrep] [http-nio-8080-exec-3] o.s.security.web.FilterChainProxy        : Securing OPTIONS /api/comments/1
2026-08-11T13:18:21.147+05:30 DEBUG 11552 --- [ytrep] [http-nio-8080-exec-8] o.s.security.web.FilterChainProxy        : Securing OPTIONS /api/comments/1/count
2026-08-11T13:18:21.151+05:30 DEBUG 11552 --- [ytrep] [http-nio-8080-exec-7] o.s.s.w.a.AnonymousAuthenticationFilter  : Set SecurityContextHolder to anonymous SecurityContext
2026-08-11T13:18:21.152+05:30 DEBUG 11552 --- [ytrep] [http-nio-8080-exec-1] o.s.security.web.FilterChainProxy        : Securing OPTIONS /api/comments/1/count
2026-08-11T13:18:21.159+05:30 DEBUG 11552 --- [ytrep] [http-nio-8080-exec-9] o.s.security.web.FilterChainProxy        : Securing GET /api/comments/1
2026-08-11T13:18:21.166+05:30 DEBUG 11552 --- [ytrep] [http-nio-8080-exec-7] o.s.security.web.FilterChainProxy        : Secured GET /api/videos/1/stream
2026-08-11T13:18:21.169+05:30 DEBUG 11552 --- [ytrep] [http-nio-8080-exec-5] o.s.security.web.FilterChainProxy        : Securing GET /api/comments/1/count
2026-08-11T13:18:21.195+05:30 DEBUG 11552 --- [ytrep] [http-nio-8080-exec-9] o.s.security.web.FilterChainProxy        : Secured GET /api/comments/1
2026-08-11T13:18:21.204+05:30 DEBUG 11552 --- [ytrep] [http-nio-8080-exec-5] o.s.security.web.FilterChainProxy        : Secured GET /api/comments/1/count
2026-08-11T13:18:21.242+05:30 DEBUG 11552 --- [ytrep] [http-nio-8080-exec-4] o.s.security.web.FilterChainProxy        : Securing GET /api/comments/1/count
2026-08-11T13:18:21.244+05:30 DEBUG 11552 --- [ytrep] [http-nio-8080-exec-6] o.s.security.web.FilterChainProxy        : Securing GET /api/comments/1
2026-08-11T13:18:21.282+05:30 DEBUG 11552 --- [ytrep] [http-nio-8080-exec-4] o.s.security.web.FilterChainProxy        : Secured GET /api/comments/1/count
2026-08-11T13:18:21.285+05:30 DEBUG 11552 --- [ytrep] [http-nio-8080-exec-6] o.s.security.web.FilterChainProxy        : Secured GET /api/comments/1
2026-08-11T13:18:24.250+05:30 DEBUG 11552 --- [ytrep] [http-nio-8080-exec-10] o.s.security.web.FilterChainProxy        : Securing GET /api/get-all-video
2026-08-11T13:18:24.250+05:30 DEBUG 11552 --- [ytrep] [http-nio-8080-exec-2] o.s.security.web.FilterChainProxy        : Securing GET /api/likes/my-likes
2026-08-11T13:18:24.265+05:30 DEBUG 11552 --- [ytrep] [http-nio-8080-exec-10] o.s.security.web.FilterChainProxy        : Secured GET /api/get-all-video
2026-08-11T13:18:24.265+05:30 DEBUG 11552 --- [ytrep] [http-nio-8080-exec-2] o.s.security.web.FilterChainProxy        : Secured GET /api/likes/my-likes
2026-08-11T13:18:24.267+05:30 DEBUG 11552 --- [ytrep] [http-nio-8080-exec-2] horizationManagerBeforeMethodInterceptor : Authorizing method invocation ReflectiveMethodInvocation: public org.springframework.http.ResponseEntity com.learning.ytrep.controller.UserLikeController.getMyLikedVideos(org.springframework.security.core.Authentication); target is of class [com.learning.ytrep.controller.UserLikeController]
2026-08-11T13:18:24.267+05:30 DEBUG 11552 --- [ytrep] [http-nio-8080-exec-2] horizationManagerBeforeMethodInterceptor : Authorized method invocation ReflectiveMethodInvocation: public org.springframework.http.ResponseEntity com.learning.ytrep.controller.UserLikeController.getMyLikedVideos(org.springframework.security.core.Authentication); target is of class [com.learning.ytrep.controller.UserLikeController]
2026-08-11T13:18:24.290+05:30 DEBUG 11552 --- [ytrep] [http-nio-8080-exec-8] o.s.security.web.FilterChainProxy        : Securing GET /api/likes/my-likes
2026-08-11T13:18:24.290+05:30 DEBUG 11552 --- [ytrep] [http-nio-8080-exec-3] o.s.security.web.FilterChainProxy        : Securing GET /api/get-all-video
2026-08-11T13:18:24.307+05:30 DEBUG 11552 --- [ytrep] [http-nio-8080-exec-8] o.s.security.web.FilterChainProxy        : Secured GET /api/likes/my-likes
2026-08-11T13:18:24.310+05:30 DEBUG 11552 --- [ytrep] [http-nio-8080-exec-8] horizationManagerBeforeMethodInterceptor : Authorizing method invocation ReflectiveMethodInvocation: public org.springframework.http.ResponseEntity com.learning.ytrep.controller.UserLikeController.getMyLikedVideos(org.springframework.security.core.Authentication); target is of class [com.learning.ytrep.controller.UserLikeController]
2026-08-11T13:18:24.311+05:30 DEBUG 11552 --- [ytrep] [http-nio-8080-exec-8] horizationManagerBeforeMethodInterceptor : Authorized method invocation ReflectiveMethodInvocation: public org.springframework.http.ResponseEntity com.learning.ytrep.controller.UserLikeController.getMyLikedVideos(org.springframework.security.core.Authentication); target is of class [com.learning.ytrep.controller.UserLikeController]
2026-08-11T13:18:24.315+05:30 DEBUG 11552 --- [ytrep] [http-nio-8080-exec-3] o.s.security.web.FilterChainProxy        : Secured GET /api/get-all-video
2026-08-11T13:25:51.805+05:30  INFO 11552 --- [ytrep] [org.springframework.kafka.KafkaListenerEndpointContainer#0-0-C-1] c.l.y.s.TranscodeCompletionConsumer      : Video 1 transcoding completed, status -> PUBLISHED (transcodedKey=transcoded/1.mp4)
2026-08-11T13:25:51.818+05:30  INFO 11552 --- [ytrep] [org.springframework.kafka.KafkaListenerEndpointContainer#0-0-C-1] c.l.y.s.TranscodeCompletionConsumer      : Video 1 transcoding completed, status -> PUBLISHED (transcodedKey=transcoded/1.mp4)
2026-08-11T13:33:35.740+05:30  INFO 11552 --- [ytrep] [lettuce-eventExecutorLoop-1-1] i.l.core.protocol.ConnectionWatchdog     : Reconnecting, last destination was localhost/127.0.0.1:6379
2026-08-11T13:33:35.760+05:30  WARN 11552 --- [ytrep] [lettuce-nioEventLoop-4-2] i.l.core.protocol.ConnectionWatchdog     : Cannot reconnect to [localhost/<unresolved>:6379]: Connection closed prematurely

io.lettuce.core.RedisConnectionException: Connection closed prematurely
	at io.lettuce.core.protocol.RedisHandshakeHandler.channelInactive(RedisHandshakeHandler.java:76) ~[lettuce-core-6.6.0.RELEASE.jar:6.6.0.RELEASE/643bd47]
	at io.netty.channel.AbstractChannelHandlerContext.invokeChannelInactive(AbstractChannelHandlerContext.java:303) ~[netty-transport-4.1.130.Final.jar:4.1.130.Final]
	at io.netty.channel.AbstractChannelHandlerContext.invokeChannelInactive(AbstractChannelHandlerContext.java:281) ~[netty-transport-4.1.130.Final.jar:4.1.130.Final]
	at io.netty.channel.AbstractChannelHandlerContext.fireChannelInactive(AbstractChannelHandlerContext.java:274) ~[netty-transport-4.1.130.Final.jar:4.1.130.Final]
	at io.netty.channel.ChannelInboundHandlerAdapter.channelInactive(ChannelInboundHandlerAdapter.java:81) ~[netty-transport-4.1.130.Final.jar:4.1.130.Final]
	at io.lettuce.core.ChannelGroupListener.channelInactive(ChannelGroupListener.java:54) ~[lettuce-core-6.6.0.RELEASE.jar:6.6.0.RELEASE/643bd47]
	at io.netty.channel.AbstractChannelHandlerContext.invokeChannelInactive(AbstractChannelHandlerContext.java:303) ~[netty-transport-4.1.130.Final.jar:4.1.130.Final]
	at io.netty.channel.AbstractChannelHandlerContext.invokeChannelInactive(AbstractChannelHandlerContext.java:281) ~[netty-transport-4.1.130.Final.jar:4.1.130.Final]
	at io.netty.channel.AbstractChannelHandlerContext.fireChannelInactive(AbstractChannelHandlerContext.java:274) ~[netty-transport-4.1.130.Final.jar:4.1.130.Final]
	at io.netty.channel.DefaultChannelPipeline$HeadContext.channelInactive(DefaultChannelPipeline.java:1352) ~[netty-transport-4.1.130.Final.jar:4.1.130.Final]
	at io.netty.channel.AbstractChannelHandlerContext.invokeChannelInactive(AbstractChannelHandlerContext.java:301) ~[netty-transport-4.1.130.Final.jar:4.1.130.Final]
	at io.netty.channel.AbstractChannelHandlerContext.invokeChannelInactive(AbstractChannelHandlerContext.java:281) ~[netty-transport-4.1.130.Final.jar:4.1.130.Final]
	at io.netty.channel.DefaultChannelPipeline.fireChannelInactive(DefaultChannelPipeline.java:850) ~[netty-transport-4.1.130.Final.jar:4.1.130.Final]
	at io.netty.channel.AbstractChannel$AbstractUnsafe$7.run(AbstractChannel.java:811) ~[netty-transport-4.1.130.Final.jar:4.1.130.Final]
	at io.netty.util.concurrent.AbstractEventExecutor.runTask(AbstractEventExecutor.java:173) ~[netty-common-4.1.130.Final.jar:4.1.130.Final]
	at io.netty.util.concurrent.AbstractEventExecutor.safeExecute(AbstractEventExecutor.java:166) ~[netty-common-4.1.130.Final.jar:4.1.130.Final]
	at io.netty.util.concurrent.SingleThreadEventExecutor.runAllTasks(SingleThreadEventExecutor.java:472) ~[netty-common-4.1.130.Final.jar:4.1.130.Final]
	at io.netty.channel.nio.NioEventLoop.run(NioEventLoop.java:566) ~[netty-transport-4.1.130.Final.jar:4.1.130.Final]
	at io.netty.util.concurrent.SingleThreadEventExecutor$4.run(SingleThreadEventExecutor.java:998) ~[netty-common-4.1.130.Final.jar:4.1.130.Final]
	at io.netty.util.internal.ThreadExecutorMap$2.run(ThreadExecutorMap.java:74) ~[netty-common-4.1.130.Final.jar:4.1.130.Final]
	at io.netty.util.concurrent.FastThreadLocalRunnable.run(FastThreadLocalRunnable.java:30) ~[netty-common-4.1.130.Final.jar:4.1.130.Final]
	at java.base/java.lang.Thread.run(Thread.java:1583) ~[na:na]

2026-08-11T13:33:36.585+05:30  INFO 11552 --- [ytrep] [org.springframework.kafka.KafkaListenerEndpointContainer#0-0-C-1] org.apache.kafka.clients.NetworkClient   : [Consumer clientId=consumer-video-processing-group-1, groupId=video-processing-group] Node 1 disconnected.
2026-08-11T13:33:36.585+05:30  INFO 11552 --- [ytrep] [org.springframework.kafka.KafkaListenerEndpointContainer#0-0-C-1] org.apache.kafka.clients.NetworkClient   : [Consumer clientId=consumer-video-processing-group-1, groupId=video-processing-group] Cancelled in-flight FETCH request with correlation id 2519 due to node 1 being disconnected (elapsed time since creation: 3ms, elapsed time since send: 3ms, throttle time: 0ms, request timeout: 30000ms)
2026-08-11T13:33:36.586+05:30  INFO 11552 --- [ytrep] [kafka-producer-network-thread | ytrep-producer-1] org.apache.kafka.clients.NetworkClient   : [Producer clientId=ytrep-producer-1] Node 1 disconnected.
2026-08-11T13:33:36.586+05:30  INFO 11552 --- [ytrep] [org.springframework.kafka.KafkaListenerEndpointContainer#1-0-C-1] org.apache.kafka.clients.NetworkClient   : [Consumer clientId=consumer-video-processing-group-2, groupId=video-processing-group] Node -1 disconnected.
2026-08-11T13:33:36.588+05:30  INFO 11552 --- [ytrep] [kafka-producer-network-thread | ytrep-producer-1] org.apache.kafka.clients.NetworkClient   : [Producer clientId=ytrep-producer-1] Node -1 disconnected.
2026-08-11T13:33:36.588+05:30  INFO 11552 --- [ytrep] [org.springframework.kafka.KafkaListenerEndpointContainer#1-0-C-1] org.apache.kafka.clients.NetworkClient   : [Consumer clientId=consumer-video-processing-group-2, groupId=video-processing-group] Node 1 disconnected.
2026-08-11T13:33:36.587+05:30  INFO 11552 --- [ytrep] [org.springframework.kafka.KafkaListenerEndpointContainer#0-0-C-1] o.a.kafka.clients.FetchSessionHandler    : [Consumer clientId=consumer-video-processing-group-1, groupId=video-processing-group] Error sending fetch request (sessionId=321187081, epoch=2142) to node 1:

org.apache.kafka.common.errors.DisconnectException

2026-08-11T13:33:36.588+05:30  INFO 11552 --- [ytrep] [org.springframework.kafka.KafkaListenerEndpointContainer#1-0-C-1] org.apache.kafka.clients.NetworkClient   : [Consumer clientId=consumer-video-processing-group-2, groupId=video-processing-group] Cancelled in-flight FETCH request with correlation id 2537 due to node 1 being disconnected (elapsed time since creation: 7ms, elapsed time since send: 7ms, throttle time: 0ms, request timeout: 30000ms)
2026-08-11T13:33:36.589+05:30  INFO 11552 --- [ytrep] [org.springframework.kafka.KafkaListenerEndpointContainer#1-0-C-1] org.apache.kafka.clients.NetworkClient   : [Consumer clientId=consumer-video-processing-group-2, groupId=video-processing-group] Node 2147483646 disconnected.
2026-08-11T13:33:36.589+05:30  INFO 11552 --- [ytrep] [org.springframework.kafka.KafkaListenerEndpointContainer#1-0-C-1] o.a.kafka.clients.FetchSessionHandler    : [Consumer clientId=consumer-video-processing-group-2, groupId=video-processing-group] Error sending fetch request (sessionId=117276416, epoch=2147) to node 1:

org.apache.kafka.common.errors.DisconnectException

2026-08-11T13:33:36.590+05:30  INFO 11552 --- [ytrep] [org.springframework.kafka.KafkaListenerEndpointContainer#0-0-C-1] org.apache.kafka.clients.NetworkClient   : [Consumer clientId=consumer-video-processing-group-1, groupId=video-processing-group] Node -1 disconnected.
2026-08-11T13:33:36.590+05:30  INFO 11552 --- [ytrep] [org.springframework.kafka.KafkaListenerEndpointContainer#0-0-C-1] org.apache.kafka.clients.NetworkClient   : [Consumer clientId=consumer-video-processing-group-1, groupId=video-processing-group] Node 2147483646 disconnected.
2026-08-11T13:33:36.591+05:30  INFO 11552 --- [ytrep] [org.springframework.kafka.KafkaListenerEndpointContainer#1-0-C-1] o.a.k.c.c.internals.ConsumerCoordinator  : [Consumer clientId=consumer-video-processing-group-2, groupId=video-processing-group] Group coordinator localhost:9092 (id: 2147483646 rack: null) is unavailable or invalid due to cause: coordinator unavailable. isDisconnected: true. Rediscovery will be attempted.
2026-08-11T13:33:36.592+05:30  INFO 11552 --- [ytrep] [org.springframework.kafka.KafkaListenerEndpointContainer#0-0-C-1] o.a.k.c.c.internals.ConsumerCoordinator  : [Consumer clientId=consumer-video-processing-group-1, groupId=video-processing-group] Group coordinator localhost:9092 (id: 2147483646 rack: null) is unavailable or invalid due to cause: coordinator unavailable. isDisconnected: true. Rediscovery will be attempted.
2026-08-11T13:33:36.693+05:30  INFO 11552 --- [ytrep] [org.springframework.kafka.KafkaListenerEndpointContainer#0-0-C-1] org.apache.kafka.clients.NetworkClient   : [Consumer clientId=consumer-video-processing-group-1, groupId=video-processing-group] Node 1 disconnected.
2026-08-11T13:33:36.694+05:30  INFO 11552 --- [ytrep] [org.springframework.kafka.KafkaListenerEndpointContainer#0-0-C-1] org.apache.kafka.clients.NetworkClient   : [Consumer clientId=consumer-video-processing-group-1, groupId=video-processing-group] Cancelled in-flight API_VERSIONS request with correlation id 2520 due to node 1 being disconnected (elapsed time since creation: 1ms, elapsed time since send: 1ms, throttle time: 0ms, request timeout: 30000ms)
2026-08-11T13:33:36.709+05:30  INFO 11552 --- [ytrep] [kafka-producer-network-thread | ytrep-producer-1] org.apache.kafka.clients.NetworkClient   : [Producer clientId=ytrep-producer-1] Node 1 disconnected.
2026-08-11T13:33:36.710+05:30  INFO 11552 --- [ytrep] [kafka-producer-network-thread | ytrep-producer-1] org.apache.kafka.clients.NetworkClient   : [Producer clientId=ytrep-producer-1] Cancelled in-flight API_VERSIONS request with correlation id 14 due to node 1 being disconnected (elapsed time since creation: 2ms, elapsed time since send: 2ms, throttle time: 0ms, request timeout: 30000ms)
2026-08-11T13:33:36.725+05:30  INFO 11552 --- [ytrep] [org.springframework.kafka.KafkaListenerEndpointContainer#1-0-C-1] org.apache.kafka.clients.NetworkClient   : [Consumer clientId=consumer-video-processing-group-2, groupId=video-processing-group] Node 1 disconnected.
2026-08-11T13:33:36.726+05:30  INFO 11552 --- [ytrep] [org.springframework.kafka.KafkaListenerEndpointContainer#1-0-C-1] org.apache.kafka.clients.NetworkClient   : [Consumer clientId=consumer-video-processing-group-2, groupId=video-processing-group] Cancelled in-flight API_VERSIONS request with correlation id 2538 due to node 1 being disconnected (elapsed time since creation: 2ms, elapsed time since send: 2ms, throttle time: 0ms, request timeout: 30000ms)
2026-08-11T13:33:36.817+05:30  INFO 11552 --- [ytrep] [org.springframework.kafka.KafkaListenerEndpointContainer#0-0-C-1] org.apache.kafka.clients.NetworkClient   : [Consumer clientId=consumer-video-processing-group-1, groupId=video-processing-group] Node 1 disconnected.
2026-08-11T13:33:36.818+05:30  INFO 11552 --- [ytrep] [org.springframework.kafka.KafkaListenerEndpointContainer#0-0-C-1] org.apache.kafka.clients.NetworkClient   : [Consumer clientId=consumer-video-processing-group-1, groupId=video-processing-group] Cancelled in-flight API_VERSIONS request with correlation id 2521 due to node 1 being disconnected (elapsed time since creation: 1ms, elapsed time since send: 1ms, throttle time: 0ms, request timeout: 30000ms)
2026-08-11T13:33:36.856+05:30  INFO 11552 --- [ytrep] [org.springframework.kafka.KafkaListenerEndpointContainer#1-0-C-1] org.apache.kafka.clients.NetworkClient   : [Consumer clientId=consumer-video-processing-group-2, groupId=video-processing-group] Node 1 disconnected.
2026-08-11T13:33:36.856+05:30  INFO 11552 --- [ytrep] [org.springframework.kafka.KafkaListenerEndpointContainer#1-0-C-1] org.apache.kafka.clients.NetworkClient   : [Consumer clientId=consumer-video-processing-group-2, groupId=video-processing-group] Cancelled in-flight API_VERSIONS request with correlation id 2539 due to node 1 being disconnected (elapsed time since creation: 10ms, elapsed time since send: 10ms, throttle time: 0ms, request timeout: 30000ms)
2026-08-11T13:33:36.982+05:30  INFO 11552 --- [ytrep] [kafka-producer-network-thread | ytrep-producer-1] org.apache.kafka.clients.NetworkClient   : [Producer clientId=ytrep-producer-1] Node 1 disconnected.
2026-08-11T13:33:36.983+05:30  INFO 11552 --- [ytrep] [kafka-producer-network-thread | ytrep-producer-1] org.apache.kafka.clients.NetworkClient   : [Producer clientId=ytrep-producer-1] Cancelled in-flight API_VERSIONS request with correlation id 15 due to node 1 being disconnected (elapsed time since creation: 3ms, elapsed time since send: 3ms, throttle time: 0ms, request timeout: 30000ms)
2026-08-11T13:33:37.082+05:30  INFO 11552 --- [ytrep] [org.springframework.kafka.KafkaListenerEndpointContainer#0-0-C-1] org.apache.kafka.clients.NetworkClient   : [Consumer clientId=consumer-video-processing-group-1, groupId=video-processing-group] Node 1 disconnected.
2026-08-11T13:33:37.083+05:30  INFO 11552 --- [ytrep] [org.springframework.kafka.KafkaListenerEndpointContainer#0-0-C-1] org.apache.kafka.clients.NetworkClient   : [Consumer clientId=consumer-video-processing-group-1, groupId=video-processing-group] Cancelled in-flight API_VERSIONS request with correlation id 2522 due to node 1 being disconnected (elapsed time since creation: 2ms, elapsed time since send: 2ms, throttle time: 0ms, request timeout: 30000ms)
2026-08-11T13:33:37.143+05:30  INFO 11552 --- [ytrep] [org.springframework.kafka.KafkaListenerEndpointContainer#1-0-C-1] org.apache.kafka.clients.NetworkClient   : [Consumer clientId=consumer-video-processing-group-2, groupId=video-processing-group] Node 1 disconnected.
2026-08-11T13:33:37.143+05:30  INFO 11552 --- [ytrep] [org.springframework.kafka.KafkaListenerEndpointContainer#1-0-C-1] org.apache.kafka.clients.NetworkClient   : [Consumer clientId=consumer-video-processing-group-2, groupId=video-processing-group] Cancelled in-flight API_VERSIONS request with correlation id 2540 due to node 1 being disconnected (elapsed time since creation: 2ms, elapsed time since send: 2ms, throttle time: 0ms, request timeout: 30000ms)
2026-08-11T13:33:37.344+05:30  INFO 11552 --- [ytrep] [kafka-producer-network-thread | ytrep-producer-1] org.apache.kafka.clients.NetworkClient   : [Producer clientId=ytrep-producer-1] Node 1 disconnected.
2026-08-11T13:33:37.344+05:30  INFO 11552 --- [ytrep] [kafka-producer-network-thread | ytrep-producer-1] org.apache.kafka.clients.NetworkClient   : [Producer clientId=ytrep-producer-1] Cancelled in-flight API_VERSIONS request with correlation id 16 due to node 1 being disconnected (elapsed time since creation: 1ms, elapsed time since send: 1ms, throttle time: 0ms, request timeout: 30000ms)
2026-08-11T13:33:37.624+05:30  INFO 11552 --- [ytrep] [org.springframework.kafka.KafkaListenerEndpointContainer#1-0-C-1] org.apache.kafka.clients.NetworkClient   : [Consumer clientId=consumer-video-processing-group-2, groupId=video-processing-group] Node 1 disconnected.
2026-08-11T13:33:37.625+05:30  INFO 11552 --- [ytrep] [org.springframework.kafka.KafkaListenerEndpointContainer#1-0-C-1] org.apache.kafka.clients.NetworkClient   : [Consumer clientId=consumer-video-processing-group-2, groupId=video-processing-group] Cancelled in-flight API_VERSIONS request with correlation id 2541 due to node 1 being disconnected (elapsed time since creation: 5ms, elapsed time since send: 5ms, throttle time: 0ms, request timeout: 30000ms)
2026-08-11T13:33:37.637+05:30  INFO 11552 --- [ytrep] [org.springframework.kafka.KafkaListenerEndpointContainer#0-0-C-1] org.apache.kafka.clients.NetworkClient   : [Consumer clientId=consumer-video-processing-group-1, groupId=video-processing-group] Node 1 disconnected.
2026-08-11T13:33:37.638+05:30  INFO 11552 --- [ytrep] [org.springframework.kafka.KafkaListenerEndpointContainer#0-0-C-1] org.apache.kafka.clients.NetworkClient   : [Consumer clientId=consumer-video-processing-group-1, groupId=video-processing-group] Cancelled in-flight API_VERSIONS request with correlation id 2523 due to node 1 being disconnected (elapsed time since creation: 2ms, elapsed time since send: 2ms, throttle time: 0ms, request timeout: 30000ms)
2026-08-11T13:33:37.684+05:30  INFO 11552 --- [ytrep] [kafka-producer-network-thread | ytrep-producer-1] org.apache.kafka.clients.NetworkClient   : [Producer clientId=ytrep-producer-1] Node 1 disconnected.
2026-08-11T13:33:37.684+05:30  INFO 11552 --- [ytrep] [kafka-producer-network-thread | ytrep-producer-1] org.apache.kafka.clients.NetworkClient   : [Producer clientId=ytrep-producer-1] Cancelled in-flight API_VERSIONS request with correlation id 17 due to node 1 being disconnected (elapsed time since creation: 2ms, elapsed time since send: 2ms, throttle time: 0ms, request timeout: 30000ms)
2026-08-11T13:33:38.493+05:30  INFO 11552 --- [ytrep] [org.springframework.kafka.KafkaListenerEndpointContainer#1-0-C-1] org.apache.kafka.clients.NetworkClient   : [Consumer clientId=consumer-video-processing-group-2, groupId=video-processing-group] Node 1 disconnected.
2026-08-11T13:33:38.493+05:30  WARN 11552 --- [ytrep] [org.springframework.kafka.KafkaListenerEndpointContainer#1-0-C-1] org.apache.kafka.clients.NetworkClient   : [Consumer clientId=consumer-video-processing-group-2, groupId=video-processing-group] Connection to node 1 (localhost/127.0.0.1:9092) could not be established. Node may not be available.
2026-08-11T13:33:38.539+05:30  INFO 11552 --- [ytrep] [kafka-producer-network-thread | ytrep-producer-1] org.apache.kafka.clients.NetworkClient   : [Producer clientId=ytrep-producer-1] Node 1 disconnected.
2026-08-11T13:33:38.539+05:30  WARN 11552 --- [ytrep] [kafka-producer-network-thread | ytrep-producer-1] org.apache.kafka.clients.NetworkClient   : [Producer clientId=ytrep-producer-1] Connection to node 1 (localhost/127.0.0.1:9092) could not be established. Node may not be available.
2026-08-11T13:33:38.615+05:30  INFO 11552 --- [ytrep] [org.springframework.kafka.KafkaListenerEndpointContainer#0-0-C-1] org.apache.kafka.clients.NetworkClient   : [Consumer clientId=consumer-video-processing-group-1, groupId=video-processing-group] Node 1 disconnected.
2026-08-11T13:33:38.615+05:30  WARN 11552 --- [ytrep] [org.springframework.kafka.KafkaListenerEndpointContainer#0-0-C-1] org.apache.kafka.clients.NetworkClient   : [Consumer clientId=consumer-video-processing-group-1, groupId=video-processing-group] Connection to node 1 (localhost/127.0.0.1:9092) could not be established. Node may not be available.
2026-08-11T13:33:39.503+05:30  INFO 11552 --- [ytrep] [org.springframework.kafka.KafkaListenerEndpointContainer#1-0-C-1] org.apache.kafka.clients.NetworkClient   : [Consumer clientId=consumer-video-processing-group-2, groupId=video-processing-group] Node 1 disconnected.
2026-08-11T13:33:39.503+05:30  WARN 11552 --- [ytrep] [org.springframework.kafka.KafkaListenerEndpointContainer#1-0-C-1] org.apache.kafka.clients.NetworkClient   : [Consumer clientId=consumer-video-processing-group-2, groupId=video-processing-group] Connection to node 1 (localhost/127.0.0.1:9092) could not be established. Node may not be available.
2026-08-11T13:33:39.550+05:30  INFO 11552 --- [ytrep] [kafka-producer-network-thread | ytrep-producer-1] org.apache.kafka.clients.NetworkClient   : [Producer clientId=ytrep-producer-1] Node 1 disconnected.
2026-08-11T13:33:39.551+05:30  WARN 11552 --- [ytrep] [kafka-producer-network-thread | ytrep-producer-1] org.apache.kafka.clients.NetworkClient   : [Producer clientId=ytrep-producer-1] Connection to node 1 (localhost/127.0.0.1:9092) could not be established. Node may not be available.
2026-08-11T13:33:39.626+05:30  INFO 11552 --- [ytrep] [org.springframework.kafka.KafkaListenerEndpointContainer#0-0-C-1] org.apache.kafka.clients.NetworkClient   : [Consumer clientId=consumer-video-processing-group-1, groupId=video-processing-group] Node 1 disconnected.
2026-08-11T13:33:39.627+05:30  WARN 11552 --- [ytrep] [org.springframework.kafka.KafkaListenerEndpointContainer#0-0-C-1] org.apache.kafka.clients.NetworkClient   : [Consumer clientId=consumer-video-processing-group-1, groupId=video-processing-group] Connection to node 1 (localhost/127.0.0.1:9092) could not be established. Node may not be available.
2026-08-11T13:33:40.498+05:30  INFO 11552 --- [ytrep] [kafka-producer-network-thread | ytrep-producer-1] org.apache.kafka.clients.NetworkClient   : [Producer clientId=ytrep-producer-1] Node 1 disconnected.
2026-08-11T13:33:40.500+05:30  WARN 11552 --- [ytrep] [kafka-producer-network-thread | ytrep-producer-1] org.apache.kafka.clients.NetworkClient   : [Producer clientId=ytrep-producer-1] Connection to node 1 (localhost/127.0.0.1:9092) could not be established. Node may not be available.
2026-08-11T13:33:40.515+05:30  INFO 11552 --- [ytrep] [org.springframework.kafka.KafkaListenerEndpointContainer#1-0-C-1] org.apache.kafka.clients.NetworkClient   : [Consumer clientId=consumer-video-processing-group-2, groupId=video-processing-group] Node 1 disconnected.
2026-08-11T13:33:40.515+05:30  WARN 11552 --- [ytrep] [org.springframework.kafka.KafkaListenerEndpointContainer#1-0-C-1] org.apache.kafka.clients.NetworkClient   : [Consumer clientId=consumer-video-processing-group-2, groupId=video-processing-group] Connection to node 1 (localhost/127.0.0.1:9092) could not be established. Node may not be available.
2026-08-11T13:33:40.639+05:30  INFO 11552 --- [ytrep] [org.springframework.kafka.KafkaListenerEndpointContainer#0-0-C-1] org.apache.kafka.clients.NetworkClient   : [Consumer clientId=consumer-video-processing-group-1, groupId=video-processing-group] Node 1 disconnected.
2026-08-11T13:33:40.639+05:30  WARN 11552 --- [ytrep] [org.springframework.kafka.KafkaListenerEndpointContainer#0-0-C-1] org.apache.kafka.clients.NetworkClient   : [Consumer clientId=consumer-video-processing-group-1, groupId=video-processing-group] Connection to node 1 (localhost/127.0.0.1:9092) could not be established. Node may not be available.
2026-08-11T13:33:41.544+05:30  INFO 11552 --- [ytrep] [kafka-producer-network-thread | ytrep-producer-1] org.apache.kafka.clients.NetworkClient   : [Producer clientId=ytrep-producer-1] Node 1 disconnected.
2026-08-11T13:33:41.544+05:30  INFO 11552 --- [ytrep] [org.springframework.kafka.KafkaListenerEndpointContainer#1-0-C-1] org.apache.kafka.clients.NetworkClient   : [Consumer clientId=consumer-video-processing-group-2, groupId=video-processing-group] Node 1 disconnected.
2026-08-11T13:33:41.544+05:30  WARN 11552 --- [ytrep] [kafka-producer-network-thread | ytrep-producer-1] org.apache.kafka.clients.NetworkClient   : [Producer clientId=ytrep-producer-1] Connection to node 1 (localhost/127.0.0.1:9092) could not be established. Node may not be available.
2026-08-11T13:33:41.544+05:30  WARN 11552 --- [ytrep] [org.springframework.kafka.KafkaListenerEndpointContainer#1-0-C-1] org.apache.kafka.clients.NetworkClient   : [Consumer clientId=consumer-video-processing-group-2, groupId=video-processing-group] Connection to node 1 (localhost/127.0.0.1:9092) could not be established. Node may not be available.
2026-08-11T13:33:41.654+05:30  INFO 11552 --- [ytrep] [org.springframework.kafka.KafkaListenerEndpointContainer#0-0-C-1] org.apache.kafka.clients.NetworkClient   : [Consumer clientId=consumer-video-processing-group-1, groupId=video-processing-group] Node 1 disconnected.
2026-08-11T13:33:41.654+05:30  WARN 11552 --- [ytrep] [org.springframework.kafka.KafkaListenerEndpointContainer#0-0-C-1] org.apache.kafka.clients.NetworkClient   : [Consumer clientId=consumer-video-processing-group-1, groupId=video-processing-group] Connection to node 1 (localhost/127.0.0.1:9092) could not be established. Node may not be available.
2026-08-11T13:33:42.539+05:30  INFO 11552 --- [ytrep] [org.springframework.kafka.KafkaListenerEndpointContainer#0-0-C-1] org.apache.kafka.clients.NetworkClient   : [Consumer clientId=consumer-video-processing-group-1, groupId=video-processing-group] Node 1 disconnected.
2026-08-11T13:33:42.540+05:30  WARN 11552 --- [ytrep] [org.springframework.kafka.KafkaListenerEndpointContainer#0-0-C-1] org.apache.kafka.clients.NetworkClient   : [Consumer clientId=consumer-video-processing-group-1, groupId=video-processing-group] Connection to node 1 (localhost/127.0.0.1:9092) could not be established. Node may not be available.
2026-08-11T13:33:42.541+05:30  INFO 11552 --- [ytrep] [org.springframework.kafka.KafkaListenerEndpointContainer#0-0-C-1] o.a.kafka.clients.FetchSessionHandler    : [Consumer clientId=consumer-video-processing-group-1, groupId=video-processing-group] Error sending fetch request (sessionId=321187081, epoch=INITIAL) to node 1:

org.apache.kafka.common.errors.DisconnectException

2026-08-11T13:33:42.555+05:30  INFO 11552 --- [ytrep] [org.springframework.kafka.KafkaListenerEndpointContainer#1-0-C-1] org.apache.kafka.clients.NetworkClient   : [Consumer clientId=consumer-video-processing-group-2, groupId=video-processing-group] Node 1 disconnected.
2026-08-11T13:33:42.555+05:30  INFO 11552 --- [ytrep] [kafka-producer-network-thread | ytrep-producer-1] org.apache.kafka.clients.NetworkClient   : [Producer clientId=ytrep-producer-1] Node 1 disconnected.
2026-08-11T13:33:42.556+05:30  WARN 11552 --- [ytrep] [org.springframework.kafka.KafkaListenerEndpointContainer#1-0-C-1] org.apache.kafka.clients.NetworkClient   : [Consumer clientId=consumer-video-processing-group-2, groupId=video-processing-group] Connection to node 1 (localhost/127.0.0.1:9092) could not be established. Node may not be available.
2026-08-11T13:33:42.556+05:30  WARN 11552 --- [ytrep] [kafka-producer-network-thread | ytrep-producer-1] org.apache.kafka.clients.NetworkClient   : [Producer clientId=ytrep-producer-1] Connection to node 1 (localhost/127.0.0.1:9092) could not be established. Node may not be available.
2026-08-11T13:33:43.550+05:30  INFO 11552 --- [ytrep] [org.springframework.kafka.KafkaListenerEndpointContainer#0-0-C-1] org.apache.kafka.clients.NetworkClient   : [Consumer clientId=consumer-video-processing-group-1, groupId=video-processing-group] Node 1 disconnected.
2026-08-11T13:33:43.551+05:30  WARN 11552 --- [ytrep] [org.springframework.kafka.KafkaListenerEndpointContainer#0-0-C-1] org.apache.kafka.clients.NetworkClient   : [Consumer clientId=consumer-video-processing-group-1, groupId=video-processing-group] Connection to node 1 (localhost/127.0.0.1:9092) could not be established. Node may not be available.
2026-08-11T13:33:43.567+05:30  INFO 11552 --- [ytrep] [kafka-producer-network-thread | ytrep-producer-1] org.apache.kafka.clients.NetworkClient   : [Producer clientId=ytrep-producer-1] Node 1 disconnected.
2026-08-11T13:33:43.567+05:30  INFO 11552 --- [ytrep] [org.springframework.kafka.KafkaListenerEndpointContainer#1-0-C-1] org.apache.kafka.clients.NetworkClient   : [Consumer clientId=consumer-video-processing-group-2, groupId=video-processing-group] Node 1 disconnected.
2026-08-11T13:33:43.567+05:30  WARN 11552 --- [ytrep] [kafka-producer-network-thread | ytrep-producer-1] org.apache.kafka.clients.NetworkClient   : [Producer clientId=ytrep-producer-1] Connection to node 1 (localhost/127.0.0.1:9092) could not be established. Node may not be available.
2026-08-11T13:33:43.567+05:30  WARN 11552 --- [ytrep] [org.springframework.kafka.KafkaListenerEndpointContainer#1-0-C-1] org.apache.kafka.clients.NetworkClient   : [Consumer clientId=consumer-video-processing-group-2, groupId=video-processing-group] Connection to node 1 (localhost/127.0.0.1:9092) could not be established. Node may not be available.
2026-08-11T13:33:44.553+05:30  INFO 11552 --- [ytrep] [org.springframework.kafka.KafkaListenerEndpointContainer#0-0-C-1] org.apache.kafka.clients.NetworkClient   : [Consumer clientId=consumer-video-processing-group-1, groupId=video-processing-group] Node 1 disconnected.
2026-08-11T13:33:44.554+05:30  WARN 11552 --- [ytrep] [org.springframework.kafka.KafkaListenerEndpointContainer#0-0-C-1] org.apache.kafka.clients.NetworkClient   : [Consumer clientId=consumer-video-processing-group-1, groupId=video-processing-group] Connection to node 1 (localhost/127.0.0.1:9092) could not be established. Node may not be available.
2026-08-11T13:33:44.569+05:30  INFO 11552 --- [ytrep] [kafka-producer-network-thread | ytrep-producer-1] org.apache.kafka.clients.NetworkClient   : [Producer clientId=ytrep-producer-1] Node 1 disconnected.
2026-08-11T13:33:44.569+05:30  WARN 11552 --- [ytrep] [kafka-producer-network-thread | ytrep-producer-1] org.apache.kafka.clients.NetworkClient   : [Producer clientId=ytrep-producer-1] Connection to node 1 (localhost/127.0.0.1:9092) could not be established. Node may not be available.
2026-08-11T13:33:44.584+05:30  INFO 11552 --- [ytrep] [org.springframework.kafka.KafkaListenerEndpointContainer#1-0-C-1] org.apache.kafka.clients.NetworkClient   : [Consumer clientId=consumer-video-processing-group-2, groupId=video-processing-group] Node 1 disconnected.
2026-08-11T13:33:44.584+05:30  WARN 11552 --- [ytrep] [org.springframework.kafka.KafkaListenerEndpointContainer#1-0-C-1] org.apache.kafka.clients.NetworkClient   : [Consumer clientId=consumer-video-processing-group-2, groupId=video-processing-group] Connection to node 1 (localhost/127.0.0.1:9092) could not be established. Node may not be available.
2026-08-11T13:33:44.844+05:30  INFO 11552 --- [ytrep] [lettuce-eventExecutorLoop-1-1] i.l.core.protocol.ConnectionWatchdog     : Reconnecting, last destination was localhost/<unresolved>:6379
2026-08-11T13:33:44.847+05:30  WARN 11552 --- [ytrep] [lettuce-nioEventLoop-4-2] i.l.core.protocol.ConnectionWatchdog     : Cannot reconnect to [localhost/<unresolved>:6379]: Connection refused: getsockopt: localhost/127.0.0.1:6379
2026-08-11T13:33:45.577+05:30  INFO 11552 --- [ytrep] [kafka-producer-network-thread | ytrep-producer-1] org.apache.kafka.clients.NetworkClient   : [Producer clientId=ytrep-producer-1] Node 1 disconnected.
2026-08-11T13:33:45.577+05:30  WARN 11552 --- [ytrep] [kafka-producer-network-thread | ytrep-producer-1] org.apache.kafka.clients.NetworkClient   : [Producer clientId=ytrep-producer-1] Connection to node 1 (localhost/127.0.0.1:9092) could not be established. Node may not be available.
2026-08-11T13:33:45.592+05:30  INFO 11552 --- [ytrep] [org.springframework.kafka.KafkaListenerEndpointContainer#1-0-C-1] org.apache.kafka.clients.NetworkClient   : [Consumer clientId=consumer-video-processing-group-2, groupId=video-processing-group] Node 1 disconnected.
2026-08-11T13:33:45.592+05:30  INFO 11552 --- [ytrep] [org.springframework.kafka.KafkaListenerEndpointContainer#0-0-C-1] org.apache.kafka.clients.NetworkClient   : [Consumer clientId=consumer-video-processing-group-1, groupId=video-processing-group] Node 1 disconnected.
2026-08-11T13:33:45.592+05:30  WARN 11552 --- [ytrep] [org.springframework.kafka.KafkaListenerEndpointContainer#1-0-C-1] org.apache.kafka.clients.NetworkClient   : [Consumer clientId=consumer-video-processing-group-2, groupId=video-processing-group] Connection to node 1 (localhost/127.0.0.1:9092) could not be established. Node may not be available.
2026-08-11T13:33:45.592+05:30  WARN 11552 --- [ytrep] [org.springframework.kafka.KafkaListenerEndpointContainer#0-0-C-1] org.apache.kafka.clients.NetworkClient   : [Consumer clientId=consumer-video-processing-group-1, groupId=video-processing-group] Connection to node 1 (localhost/127.0.0.1:9092) could not be established. Node may not be available.
2026-08-11T13:33:46.592+05:30  INFO 11552 --- [ytrep] [kafka-producer-network-thread | ytrep-producer-1] org.apache.kafka.clients.NetworkClient   : [Producer clientId=ytrep-producer-1] Node 1 disconnected.
2026-08-11T13:33:46.592+05:30  WARN 11552 --- [ytrep] [kafka-producer-network-thread | ytrep-producer-1] org.apache.kafka.clients.NetworkClient   : [Producer clientId=ytrep-producer-1] Connection to node 1 (localhost/127.0.0.1:9092) could not be established. Node may not be available.
2026-08-11T13:33:46.606+05:30  INFO 11552 --- [ytrep] [org.springframework.kafka.KafkaListenerEndpointContainer#0-0-C-1] org.apache.kafka.clients.NetworkClient   : [Consumer clientId=consumer-video-processing-group-1, groupId=video-processing-group] Node 1 disconnected.
2026-08-11T13:33:46.606+05:30  INFO 11552 --- [ytrep] [org.springframework.kafka.KafkaListenerEndpointContainer#1-0-C-1] org.apache.kafka.clients.NetworkClient   : [Consumer clientId=consumer-video-processing-group-2, groupId=video-processing-group] Node 1 disconnected.
2026-08-11T13:33:46.607+05:30  WARN 11552 --- [ytrep] [org.springframework.kafka.KafkaListenerEndpointContainer#0-0-C-1] org.apache.kafka.clients.NetworkClient   : [Consumer clientId=consumer-video-processing-group-1, groupId=video-processing-group] Connection to node 1 (localhost/127.0.0.1:9092) could not be established. Node may not be available.
2026-08-11T13:33:46.607+05:30  WARN 11552 --- [ytrep] [org.springframework.kafka.KafkaListenerEndpointContainer#1-0-C-1] org.apache.kafka.clients.NetworkClient   : [Consumer clientId=consumer-video-processing-group-2, groupId=video-processing-group] Connection to node 1 (localhost/127.0.0.1:9092) could not be established. Node may not be available.
2026-08-11T13:33:47.600+05:30  INFO 11552 --- [ytrep] [kafka-producer-network-thread | ytrep-producer-1] org.apache.kafka.clients.NetworkClient   : [Producer clientId=ytrep-producer-1] Node 1 disconnected.
2026-08-11T13:33:47.602+05:30  WARN 11552 --- [ytrep] [kafka-producer-network-thread | ytrep-producer-1] org.apache.kafka.clients.NetworkClient   : [Producer clientId=ytrep-producer-1] Connection to node 1 (localhost/127.0.0.1:9092) could not be established. Node may not be available.
2026-08-11T13:33:47.616+05:30  INFO 11552 --- [ytrep] [org.springframework.kafka.KafkaListenerEndpointContainer#1-0-C-1] org.apache.kafka.clients.NetworkClient   : [Consumer clientId=consumer-video-processing-group-2, groupId=video-processing-group] Node 1 disconnected.
2026-08-11T13:33:47.617+05:30  WARN 11552 --- [ytrep] [org.springframework.kafka.KafkaListenerEndpointContainer#1-0-C-1] org.apache.kafka.clients.NetworkClient   : [Consumer clientId=consumer-video-processing-group-2, groupId=video-processing-group] Connection to node 1 (localhost/127.0.0.1:9092) could not be established. Node may not be available.
2026-08-11T13:33:47.647+05:30  INFO 11552 --- [ytrep] [org.springframework.kafka.KafkaListenerEndpointContainer#0-0-C-1] org.apache.kafka.clients.NetworkClient   : [Consumer clientId=consumer-video-processing-group-1, groupId=video-processing-group] Node 1 disconnected.
2026-08-11T13:33:47.648+05:30  WARN 11552 --- [ytrep] [org.springframework.kafka.KafkaListenerEndpointContainer#0-0-C-1] org.apache.kafka.clients.NetworkClient   : [Consumer clientId=consumer-video-processing-group-1, groupId=video-processing-group] Connection to node 1 (localhost/127.0.0.1:9092) could not be established. Node may not be available.
2026-08-11T13:33:48.612+05:30  INFO 11552 --- [ytrep] [kafka-producer-network-thread | ytrep-producer-1] org.apache.kafka.clients.NetworkClient   : [Producer clientId=ytrep-producer-1] Node 1 disconnected.
2026-08-11T13:33:48.612+05:30  WARN 11552 --- [ytrep] [kafka-producer-network-thread | ytrep-producer-1] org.apache.kafka.clients.NetworkClient   : [Producer clientId=ytrep-producer-1] Connection to node 1 (localhost/127.0.0.1:9092) could not be established. Node may not be available.
2026-08-11T13:33:48.626+05:30  INFO 11552 --- [ytrep] [org.springframework.kafka.KafkaListenerEndpointContainer#1-0-C-1] org.apache.kafka.clients.NetworkClient   : [Consumer clientId=consumer-video-processing-group-2, groupId=video-processing-group] Node 1 disconnected.
2026-08-11T13:33:48.626+05:30  WARN 11552 --- [ytrep] [org.springframework.kafka.KafkaListenerEndpointContainer#1-0-C-1] org.apache.kafka.clients.NetworkClient   : [Consumer clientId=consumer-video-processing-group-2, groupId=video-processing-group] Connection to node 1 (localhost/127.0.0.1:9092) could not be established. Node may not be available.
2026-08-11T13:33:48.690+05:30  INFO 11552 --- [ytrep] [org.springframework.kafka.KafkaListenerEndpointContainer#0-0-C-1] org.apache.kafka.clients.NetworkClient   : [Consumer clientId=consumer-video-processing-group-1, groupId=video-processing-group] Node 1 disconnected.
2026-08-11T13:33:48.690+05:30  WARN 11552 --- [ytrep] [org.springframework.kafka.KafkaListenerEndpointContainer#0-0-C-1] org.apache.kafka.clients.NetworkClient   : [Consumer clientId=consumer-video-processing-group-1, groupId=video-processing-group] Connection to node 1 (localhost/127.0.0.1:9092) could not be established. Node may not be available.
2026-08-11T13:33:49.626+05:30  INFO 11552 --- [ytrep] [kafka-producer-network-thread | ytrep-producer-1] org.apache.kafka.clients.NetworkClient   : [Producer clientId=ytrep-producer-1] Node 1 disconnected.
2026-08-11T13:33:49.631+05:30  WARN 11552 --- [ytrep] [kafka-producer-network-thread | ytrep-producer-1] org.apache.kafka.clients.NetworkClient   : [Producer clientId=ytrep-producer-1] Connection to node 1 (localhost/127.0.0.1:9092) could not be established. Node may not be available.
2026-08-11T13:33:49.641+05:30  INFO 11552 --- [ytrep] [org.springframework.kafka.KafkaListenerEndpointContainer#1-0-C-1] org.apache.kafka.clients.NetworkClient   : [Consumer clientId=consumer-video-processing-group-2, groupId=video-processing-group] Node 1 disconnected.
2026-08-11T13:33:49.643+05:30  WARN 11552 --- [ytrep] [org.springframework.kafka.KafkaListenerEndpointContainer#1-0-C-1] org.apache.kafka.clients.NetworkClient   : [Consumer clientId=consumer-video-processing-group-2, groupId=video-processing-group] Connection to node 1 (localhost/127.0.0.1:9092) could not be established. Node may not be available.
2026-08-11T13:33:49.702+05:30  INFO 11552 --- [ytrep] [org.springframework.kafka.KafkaListenerEndpointContainer#0-0-C-1] org.apache.kafka.clients.NetworkClient   : [Consumer clientId=consumer-video-processing-group-1, groupId=video-processing-group] Node 1 disconnected.
2026-08-11T13:33:49.703+05:30  WARN 11552 --- [ytrep] [org.springframework.kafka.KafkaListenerEndpointContainer#0-0-C-1] org.apache.kafka.clients.NetworkClient   : [Consumer clientId=consumer-video-processing-group-1, groupId=video-processing-group] Connection to node 1 (localhost/127.0.0.1:9092) could not be established. Node may not be available.
2026-08-11T13:33:50.634+05:30  INFO 11552 --- [ytrep] [kafka-producer-network-thread | ytrep-producer-1] org.apache.kafka.clients.NetworkClient   : [Producer clientId=ytrep-producer-1] Node 1 disconnected.
2026-08-11T13:33:50.635+05:30  WARN 11552 --- [ytrep] [kafka-producer-network-thread | ytrep-producer-1] org.apache.kafka.clients.NetworkClient   : [Producer clientId=ytrep-producer-1] Connection to node 1 (localhost/127.0.0.1:9092) could not be established. Node may not be available.
2026-08-11T13:33:50.681+05:30  INFO 11552 --- [ytrep] [org.springframework.kafka.KafkaListenerEndpointContainer#0-0-C-1] org.apache.kafka.clients.NetworkClient   : [Consumer clientId=consumer-video-processing-group-1, groupId=video-processing-group] Node 1 disconnected.
2026-08-11T13:33:50.681+05:30  INFO 11552 --- [ytrep] [org.springframework.kafka.KafkaListenerEndpointContainer#1-0-C-1] org.apache.kafka.clients.NetworkClient   : [Consumer clientId=consumer-video-processing-group-2, groupId=video-processing-group] Node 1 disconnected.
2026-08-11T13:33:50.681+05:30  WARN 11552 --- [ytrep] [org.springframework.kafka.KafkaListenerEndpointContainer#0-0-C-1] org.apache.kafka.clients.NetworkClient   : [Consumer clientId=consumer-video-processing-group-1, groupId=video-processing-group] Connection to node 1 (localhost/127.0.0.1:9092) could not be established. Node may not be available.
2026-08-11T13:33:50.682+05:30  WARN 11552 --- [ytrep] [org.springframework.kafka.KafkaListenerEndpointContainer#1-0-C-1] org.apache.kafka.clients.NetworkClient   : [Consumer clientId=consumer-video-processing-group-2, groupId=video-processing-group] Connection to node 1 (localhost/127.0.0.1:9092) could not be established. Node may not be available.
2026-08-11T13:33:51.640+05:30  INFO 11552 --- [ytrep] [kafka-producer-network-thread | ytrep-producer-1] org.apache.kafka.clients.NetworkClient   : [Producer clientId=ytrep-producer-1] Node 1 disconnected.
2026-08-11T13:33:51.640+05:30  WARN 11552 --- [ytrep] [kafka-producer-network-thread | ytrep-producer-1] org.apache.kafka.clients.NetworkClient   : [Producer clientId=ytrep-producer-1] Connection to node 1 (localhost/127.0.0.1:9092) could not be established. Node may not be available.
2026-08-11T13:33:51.671+05:30  INFO 11552 --- [ytrep] [org.springframework.kafka.KafkaListenerEndpointContainer#0-0-C-1] org.apache.kafka.clients.NetworkClient   : [Consumer clientId=consumer-video-processing-group-1, groupId=video-processing-group] Node 1 disconnected.
2026-08-11T13:33:51.672+05:30  WARN 11552 --- [ytrep] [org.springframework.kafka.KafkaListenerEndpointContainer#0-0-C-1] org.apache.kafka.clients.NetworkClient   : [Consumer clientId=consumer-video-processing-group-1, groupId=video-processing-group] Connection to node 1 (localhost/127.0.0.1:9092) could not be established. Node may not be available.
2026-08-11T13:33:51.686+05:30  INFO 11552 --- [ytrep] [org.springframework.kafka.KafkaListenerEndpointContainer#1-0-C-1] org.apache.kafka.clients.NetworkClient   : [Consumer clientId=consumer-video-processing-group-2, groupId=video-processing-group] Node 1 disconnected.
2026-08-11T13:33:51.686+05:30  WARN 11552 --- [ytrep] [org.springframework.kafka.KafkaListenerEndpointContainer#1-0-C-1] org.apache.kafka.clients.NetworkClient   : [Consumer clientId=consumer-video-processing-group-2, groupId=video-processing-group] Connection to node 1 (localhost/127.0.0.1:9092) could not be established. Node may not be available.
2026-08-11T13:33:52.645+05:30  INFO 11552 --- [ytrep] [kafka-producer-network-thread | ytrep-producer-1] org.apache.kafka.clients.NetworkClient   : [Producer clientId=ytrep-producer-1] Node 1 disconnected.
2026-08-11T13:33:52.646+05:30  WARN 11552 --- [ytrep] [kafka-producer-network-thread | ytrep-producer-1] org.apache.kafka.clients.NetworkClient   : [Producer clientId=ytrep-producer-1] Connection to node 1 (localhost/127.0.0.1:9092) could not be established. Node may not be available.
2026-08-11T13:33:52.692+05:30  INFO 11552 --- [ytrep] [org.springframework.kafka.KafkaListenerEndpointContainer#0-0-C-1] org.apache.kafka.clients.NetworkClient   : [Consumer clientId=consumer-video-processing-group-1, groupId=video-processing-group] Node 1 disconnected.
2026-08-11T13:33:52.692+05:30  INFO 11552 --- [ytrep] [org.springframework.kafka.KafkaListenerEndpointContainer#1-0-C-1] org.apache.kafka.clients.NetworkClient   : [Consumer clientId=consumer-video-processing-group-2, groupId=video-processing-group] Node 1 disconnected.
2026-08-11T13:33:52.692+05:30  WARN 11552 --- [ytrep] [org.springframework.kafka.KafkaListenerEndpointContainer#0-0-C-1] org.apache.kafka.clients.NetworkClient   : [Consumer clientId=consumer-video-processing-group-1, groupId=video-processing-group] Connection to node 1 (localhost/127.0.0.1:9092) could not be established. Node may not be available.
2026-08-11T13:33:52.692+05:30  WARN 11552 --- [ytrep] [org.springframework.kafka.KafkaListenerEndpointContainer#1-0-C-1] org.apache.kafka.clients.NetworkClient   : [Consumer clientId=consumer-video-processing-group-2, groupId=video-processing-group] Connection to node 1 (localhost/127.0.0.1:9092) could not be established. Node may not be available.
2026-08-11T13:33:53.141+05:30  INFO 11552 --- [ytrep] [lettuce-eventExecutorLoop-1-2] i.l.core.protocol.ConnectionWatchdog     : Reconnecting, last destination was localhost/<unresolved>:6379
2026-08-11T13:33:53.143+05:30  WARN 11552 --- [ytrep] [lettuce-nioEventLoop-4-3] i.l.core.protocol.ConnectionWatchdog     : Cannot reconnect to [localhost/<unresolved>:6379]: Connection refused: getsockopt: localhost/127.0.0.1:6379
2026-08-11T13:33:53.652+05:30  INFO 11552 --- [ytrep] [kafka-producer-network-thread | ytrep-producer-1] org.apache.kafka.clients.NetworkClient   : [Producer clientId=ytrep-producer-1] Node 1 disconnected.
2026-08-11T13:33:53.653+05:30  WARN 11552 --- [ytrep] [kafka-producer-network-thread | ytrep-producer-1] org.apache.kafka.clients.NetworkClient   : [Producer clientId=ytrep-producer-1] Connection to node 1 (localhost/127.0.0.1:9092) could not be established. Node may not be available.
2026-08-11T13:33:53.699+05:30  INFO 11552 --- [ytrep] [org.springframework.kafka.KafkaListenerEndpointContainer#0-0-C-1] org.apache.kafka.clients.NetworkClient   : [Consumer clientId=consumer-video-processing-group-1, groupId=video-processing-group] Node 1 disconnected.
2026-08-11T13:33:53.699+05:30  INFO 11552 --- [ytrep] [org.springframework.kafka.KafkaListenerEndpointContainer#1-0-C-1] org.apache.kafka.clients.NetworkClient   : [Consumer clientId=consumer-video-processing-group-2, groupId=video-processing-group] Node 1 disconnected.
2026-08-11T13:33:53.700+05:30  WARN 11552 --- [ytrep] [org.springframework.kafka.KafkaListenerEndpointContainer#1-0-C-1] org.apache.kafka.clients.NetworkClient   : [Consumer clientId=consumer-video-processing-group-2, groupId=video-processing-group] Connection to node 1 (localhost/127.0.0.1:9092) could not be established. Node may not be available.
2026-08-11T13:33:53.700+05:30  WARN 11552 --- [ytrep] [org.springframework.kafka.KafkaListenerEndpointContainer#0-0-C-1] org.apache.kafka.clients.NetworkClient   : [Consumer clientId=consumer-video-processing-group-1, groupId=video-processing-group] Connection to node 1 (localhost/127.0.0.1:9092) could not be established. Node may not be available.
2026-08-11T13:33:54.662+05:30  INFO 11552 --- [ytrep] [kafka-producer-network-thread | ytrep-producer-1] org.apache.kafka.clients.NetworkClient   : [Producer clientId=ytrep-producer-1] Node 1 disconnected.
2026-08-11T13:33:54.662+05:30  WARN 11552 --- [ytrep] [kafka-producer-network-thread | ytrep-producer-1] org.apache.kafka.clients.NetworkClient   : [Producer clientId=ytrep-producer-1] Connection to node 1 (localhost/127.0.0.1:9092) could not be established. Node may not be available.
2026-08-11T13:33:54.676+05:30  INFO 11552 --- [ytrep] [org.springframework.kafka.KafkaListenerEndpointContainer#0-0-C-1] org.apache.kafka.clients.NetworkClient   : [Consumer clientId=consumer-video-processing-group-1, groupId=video-processing-group] Node 1 disconnected.
2026-08-11T13:33:54.677+05:30  WARN 11552 --- [ytrep] [org.springframework.kafka.KafkaListenerEndpointContainer#0-0-C-1] org.apache.kafka.clients.NetworkClient   : [Consumer clientId=consumer-video-processing-group-1, groupId=video-processing-group] Connection to node 1 (localhost/127.0.0.1:9092) could not be established. Node may not be available.
2026-08-11T13:33:54.692+05:30  INFO 11552 --- [ytrep] [org.springframework.kafka.KafkaListenerEndpointContainer#1-0-C-1] org.apache.kafka.clients.NetworkClient   : [Consumer clientId=consumer-video-processing-group-2, groupId=video-processing-group] Node 1 disconnected.
2026-08-11T13:33:54.693+05:30  WARN 11552 --- [ytrep] [org.springframework.kafka.KafkaListenerEndpointContainer#1-0-C-1] org.apache.kafka.clients.NetworkClient   : [Consumer clientId=consumer-video-processing-group-2, groupId=video-processing-group] Connection to node 1 (localhost/127.0.0.1:9092) could not be established. Node may not be available.
2026-08-11T13:33:55.626+05:30  INFO 11552 --- [ytrep] [kafka-producer-network-thread | ytrep-producer-1] org.apache.kafka.clients.NetworkClient   : [Producer clientId=ytrep-producer-1] Node 1 disconnected.
2026-08-11T13:33:55.626+05:30  INFO 11552 --- [ytrep] [org.springframework.kafka.KafkaListenerEndpointContainer#1-0-C-1] org.apache.kafka.clients.NetworkClient   : [Consumer clientId=consumer-video-processing-group-2, groupId=video-processing-group] Node 1 disconnected.
2026-08-11T13:33:55.627+05:30  WARN 11552 --- [ytrep] [kafka-producer-network-thread | ytrep-producer-1] org.apache.kafka.clients.NetworkClient   : [Producer clientId=ytrep-producer-1] Connection to node 1 (localhost/127.0.0.1:9092) could not be established. Node may not be available.
2026-08-11T13:33:55.627+05:30  WARN 11552 --- [ytrep] [org.springframework.kafka.KafkaListenerEndpointContainer#1-0-C-1] org.apache.kafka.clients.NetworkClient   : [Consumer clientId=consumer-video-processing-group-2, groupId=video-processing-group] Connection to node 1 (localhost/127.0.0.1:9092) could not be established. Node may not be available.
2026-08-11T13:33:55.721+05:30  INFO 11552 --- [ytrep] [org.springframework.kafka.KafkaListenerEndpointContainer#0-0-C-1] org.apache.kafka.clients.NetworkClient   : [Consumer clientId=consumer-video-processing-group-1, groupId=video-processing-group] Node 1 disconnected.
2026-08-11T13:33:55.721+05:30  WARN 11552 --- [ytrep] [org.springframework.kafka.KafkaListenerEndpointContainer#0-0-C-1] org.apache.kafka.clients.NetworkClient   : [Consumer clientId=consumer-video-processing-group-1, groupId=video-processing-group] Connection to node 1 (localhost/127.0.0.1:9092) could not be established. Node may not be available.
2026-08-11T13:33:56.614+05:30  INFO 11552 --- [ytrep] [kafka-producer-network-thread | ytrep-producer-1] org.apache.kafka.clients.NetworkClient   : [Producer clientId=ytrep-producer-1] Node 1 disconnected.
2026-08-11T13:33:56.614+05:30  INFO 11552 --- [ytrep] [org.springframework.kafka.KafkaListenerEndpointContainer#1-0-C-1] org.apache.kafka.clients.NetworkClient   : [Consumer clientId=consumer-video-processing-group-2, groupId=video-processing-group] Node 1 disconnected.
2026-08-11T13:33:56.614+05:30  WARN 11552 --- [ytrep] [kafka-producer-network-thread | ytrep-producer-1] org.apache.kafka.clients.NetworkClient   : [Producer clientId=ytrep-producer-1] Connection to node 1 (localhost/127.0.0.1:9092) could not be established. Node may not be available.
2026-08-11T13:33:56.617+05:30  WARN 11552 --- [ytrep] [org.springframework.kafka.KafkaListenerEndpointContainer#1-0-C-1] org.apache.kafka.clients.NetworkClient   : [Consumer clientId=consumer-video-processing-group-2, groupId=video-processing-group] Connection to node 1 (localhost/127.0.0.1:9092) could not be established. Node may not be available.
2026-08-11T13:33:56.724+05:30  INFO 11552 --- [ytrep] [org.springframework.kafka.KafkaListenerEndpointContainer#0-0-C-1] org.apache.kafka.clients.NetworkClient   : [Consumer clientId=consumer-video-processing-group-1, groupId=video-processing-group] Node 1 disconnected.
2026-08-11T13:33:56.724+05:30  WARN 11552 --- [ytrep] [org.springframework.kafka.KafkaListenerEndpointContainer#0-0-C-1] org.apache.kafka.clients.NetworkClient   : [Consumer clientId=consumer-video-processing-group-1, groupId=video-processing-group] Connection to node 1 (localhost/127.0.0.1:9092) could not be established. Node may not be available.
2026-08-11T13:33:57.613+05:30  INFO 11552 --- [ytrep] [kafka-producer-network-thread | ytrep-producer-1] org.apache.kafka.clients.NetworkClient   : [Producer clientId=ytrep-producer-1] Node 1 disconnected.
2026-08-11T13:33:57.613+05:30  INFO 11552 --- [ytrep] [org.springframework.kafka.KafkaListenerEndpointContainer#1-0-C-1] org.apache.kafka.clients.NetworkClient   : [Consumer clientId=consumer-video-processing-group-2, groupId=video-processing-group] Node 1 disconnected.
2026-08-11T13:33:57.614+05:30  WARN 11552 --- [ytrep] [kafka-producer-network-thread | ytrep-producer-1] org.apache.kafka.clients.NetworkClient   : [Producer clientId=ytrep-producer-1] Connection to node 1 (localhost/127.0.0.1:9092) could not be established. Node may not be available.
2026-08-11T13:33:57.614+05:30  WARN 11552 --- [ytrep] [org.springframework.kafka.KafkaListenerEndpointContainer#1-0-C-1] org.apache.kafka.clients.NetworkClient   : [Consumer clientId=consumer-video-processing-group-2, groupId=video-processing-group] Connection to node 1 (localhost/127.0.0.1:9092) could not be established. Node may not be available.
2026-08-11T13:33:57.739+05:30  INFO 11552 --- [ytrep] [org.springframework.kafka.KafkaListenerEndpointContainer#0-0-C-1] org.apache.kafka.clients.NetworkClient   : [Consumer clientId=consumer-video-processing-group-1, groupId=video-processing-group] Node 1 disconnected.
2026-08-11T13:33:57.739+05:30  WARN 11552 --- [ytrep] [org.springframework.kafka.KafkaListenerEndpointContainer#0-0-C-1] org.apache.kafka.clients.NetworkClient   : [Consumer clientId=consumer-video-processing-group-1, groupId=video-processing-group] Connection to node 1 (localhost/127.0.0.1:9092) could not be established. Node may not be available.
2026-08-11T13:33:58.628+05:30  INFO 11552 --- [ytrep] [kafka-producer-network-thread | ytrep-producer-1] org.apache.kafka.clients.NetworkClient   : [Producer clientId=ytrep-producer-1] Node 1 disconnected.
2026-08-11T13:33:58.629+05:30  WARN 11552 --- [ytrep] [kafka-producer-network-thread | ytrep-producer-1] org.apache.kafka.clients.NetworkClient   : [Producer clientId=ytrep-producer-1] Connection to node 1 (localhost/127.0.0.1:9092) could not be established. Node may not be available.
2026-08-11T13:33:58.674+05:30  INFO 11552 --- [ytrep] [org.springframework.kafka.KafkaListenerEndpointContainer#1-0-C-1] org.apache.kafka.clients.NetworkClient   : [Consumer clientId=consumer-video-processing-group-2, groupId=video-processing-group] Node 1 disconnected.
2026-08-11T13:33:58.675+05:30  WARN 11552 --- [ytrep] [org.springframework.kafka.KafkaListenerEndpointContainer#1-0-C-1] org.apache.kafka.clients.NetworkClient   : [Consumer clientId=consumer-video-processing-group-2, groupId=video-processing-group] Connection to node 1 (localhost/127.0.0.1:9092) could not be established. Node may not be available.
2026-08-11T13:33:58.786+05:30  INFO 11552 --- [ytrep] [org.springframework.kafka.KafkaListenerEndpointContainer#0-0-C-1] org.apache.kafka.clients.NetworkClient   : [Consumer clientId=consumer-video-processing-group-1, groupId=video-processing-group] Node 1 disconnected.
2026-08-11T13:33:58.786+05:30  WARN 11552 --- [ytrep] [org.springframework.kafka.KafkaListenerEndpointContainer#0-0-C-1] org.apache.kafka.clients.NetworkClient   : [Consumer clientId=consumer-video-processing-group-1, groupId=video-processing-group] Connection to node 1 (localhost/127.0.0.1:9092) could not be established. Node may not be available.
2026-08-11T13:33:59.644+05:30  INFO 11552 --- [ytrep] [kafka-producer-network-thread | ytrep-producer-1] org.apache.kafka.clients.NetworkClient   : [Producer clientId=ytrep-producer-1] Node 1 disconnected.
2026-08-11T13:33:59.644+05:30  WARN 11552 --- [ytrep] [kafka-producer-network-thread | ytrep-producer-1] org.apache.kafka.clients.NetworkClient   : [Producer clientId=ytrep-producer-1] Connection to node 1 (localhost/127.0.0.1:9092) could not be established. Node may not be available.
2026-08-11T13:33:59.735+05:30  INFO 11552 --- [ytrep] [org.springframework.kafka.KafkaListenerEndpointContainer#1-0-C-1] org.apache.kafka.clients.NetworkClient   : [Consumer clientId=consumer-video-processing-group-2, groupId=video-processing-group] Node 1 disconnected.
2026-08-11T13:33:59.735+05:30  WARN 11552 --- [ytrep] [org.springframework.kafka.KafkaListenerEndpointContainer#1-0-C-1] org.apache.kafka.clients.NetworkClient   : [Consumer clientId=consumer-video-processing-group-2, groupId=video-processing-group] Connection to node 1 (localhost/127.0.0.1:9092) could not be established. Node may not be available.
2026-08-11T13:33:59.814+05:30  INFO 11552 --- [ytrep] [org.springframework.kafka.KafkaListenerEndpointContainer#0-0-C-1] org.apache.kafka.clients.NetworkClient   : [Consumer clientId=consumer-video-processing-group-1, groupId=video-processing-group] Node 1 disconnected.
2026-08-11T13:33:59.814+05:30  WARN 11552 --- [ytrep] [org.springframework.kafka.KafkaListenerEndpointContainer#0-0-C-1] org.apache.kafka.clients.NetworkClient   : [Consumer clientId=consumer-video-processing-group-1, groupId=video-processing-group] Connection to node 1 (localhost/127.0.0.1:9092) could not be established. Node may not be available.
2026-08-11T13:34:00.606+05:30  INFO 11552 --- [ytrep] [org.springframework.kafka.KafkaListenerEndpointContainer#1-0-C-1] org.apache.kafka.clients.NetworkClient   : [Consumer clientId=consumer-video-processing-group-2, groupId=video-processing-group] Node 1 disconnected.
2026-08-11T13:34:00.606+05:30  WARN 11552 --- [ytrep] [org.springframework.kafka.KafkaListenerEndpointContainer#1-0-C-1] org.apache.kafka.clients.NetworkClient   : [Consumer clientId=consumer-video-processing-group-2, groupId=video-processing-group] Connection to node 1 (localhost/127.0.0.1:9092) could not be established. Node may not be available.
2026-08-11T13:34:00.653+05:30  INFO 11552 --- [ytrep] [kafka-producer-network-thread | ytrep-producer-1] org.apache.kafka.clients.NetworkClient   : [Producer clientId=ytrep-producer-1] Node 1 disconnected.
2026-08-11T13:34:00.654+05:30  WARN 11552 --- [ytrep] [kafka-producer-network-thread | ytrep-producer-1] org.apache.kafka.clients.NetworkClient   : [Producer clientId=ytrep-producer-1] Connection to node 1 (localhost/127.0.0.1:9092) could not be established. Node may not be available.
2026-08-11T13:34:00.826+05:30  INFO 11552 --- [ytrep] [org.springframework.kafka.KafkaListenerEndpointContainer#0-0-C-1] org.apache.kafka.clients.NetworkClient   : [Consumer clientId=consumer-video-processing-group-1, groupId=video-processing-group] Node 1 disconnected.
2026-08-11T13:34:00.826+05:30  WARN 11552 --- [ytrep] [org.springframework.kafka.KafkaListenerEndpointContainer#0-0-C-1] org.apache.kafka.clients.NetworkClient   : [Consumer clientId=consumer-video-processing-group-1, groupId=video-processing-group] Connection to node 1 (localhost/127.0.0.1:9092) could not be established. Node may not be available.
2026-08-11T13:34:01.627+05:30  INFO 11552 --- [ytrep] [org.springframework.kafka.KafkaListenerEndpointContainer#1-0-C-1] org.apache.kafka.clients.NetworkClient   : [Consumer clientId=consumer-video-processing-group-2, groupId=video-processing-group] Node 1 disconnected.
2026-08-11T13:34:01.628+05:30  WARN 11552 --- [ytrep] [org.springframework.kafka.KafkaListenerEndpointContainer#1-0-C-1] org.apache.kafka.clients.NetworkClient   : [Consumer clientId=consumer-video-processing-group-2, groupId=video-processing-group] Connection to node 1 (localhost/127.0.0.1:9092) could not be established. Node may not be available.
2026-08-11T13:34:01.659+05:30  INFO 11552 --- [ytrep] [kafka-producer-network-thread | ytrep-producer-1] org.apache.kafka.clients.NetworkClient   : [Producer clientId=ytrep-producer-1] Node 1 disconnected.
2026-08-11T13:34:01.659+05:30  WARN 11552 --- [ytrep] [kafka-producer-network-thread | ytrep-producer-1] org.apache.kafka.clients.NetworkClient   : [Producer clientId=ytrep-producer-1] Connection to node 1 (localhost/127.0.0.1:9092) could not be established. Node may not be available.
2026-08-11T13:34:01.829+05:30  INFO 11552 --- [ytrep] [org.springframework.kafka.KafkaListenerEndpointContainer#0-0-C-1] org.apache.kafka.clients.NetworkClient   : [Consumer clientId=consumer-video-processing-group-1, groupId=video-processing-group] Node 1 disconnected.
2026-08-11T13:34:01.829+05:30  WARN 11552 --- [ytrep] [org.springframework.kafka.KafkaListenerEndpointContainer#0-0-C-1] org.apache.kafka.clients.NetworkClient   : [Consumer clientId=consumer-video-processing-group-1, groupId=video-processing-group] Connection to node 1 (localhost/127.0.0.1:9092) could not be established. Node may not be available.
2026-08-11T13:34:02.639+05:30  INFO 11552 --- [ytrep] [org.springframework.kafka.KafkaListenerEndpointContainer#1-0-C-1] org.apache.kafka.clients.NetworkClient   : [Consumer clientId=consumer-video-processing-group-2, groupId=video-processing-group] Node 1 disconnected.
2026-08-11T13:34:02.639+05:30  WARN 11552 --- [ytrep] [org.springframework.kafka.KafkaListenerEndpointContainer#1-0-C-1] org.apache.kafka.clients.NetworkClient   : [Consumer clientId=consumer-video-processing-group-2, groupId=video-processing-group] Connection to node 1 (localhost/127.0.0.1:9092) could not be established. Node may not be available.
2026-08-11T13:34:02.671+05:30  INFO 11552 --- [ytrep] [kafka-producer-network-thread | ytrep-producer-1] org.apache.kafka.clients.NetworkClient   : [Producer clientId=ytrep-producer-1] Node 1 disconnected.
2026-08-11T13:34:02.671+05:30  WARN 11552 --- [ytrep] [kafka-producer-network-thread | ytrep-producer-1] org.apache.kafka.clients.NetworkClient   : [Producer clientId=ytrep-producer-1] Connection to node 1 (localhost/127.0.0.1:9092) could not be established. Node may not be available.
2026-08-11T13:34:02.700+05:30  INFO 11552 --- [ytrep] [org.springframework.kafka.KafkaListenerEndpointContainer#0-0-C-1] org.apache.kafka.clients.NetworkClient   : [Consumer clientId=consumer-video-processing-group-1, groupId=video-processing-group] Node 1 disconnected.
2026-08-11T13:34:02.702+05:30  WARN 11552 --- [ytrep] [org.springframework.kafka.KafkaListenerEndpointContainer#0-0-C-1] org.apache.kafka.clients.NetworkClient   : [Consumer clientId=consumer-video-processing-group-1, groupId=video-processing-group] Connection to node 1 (localhost/127.0.0.1:9092) could not be established. Node may not be available.
2026-08-11T13:34:03.574+05:30  INFO 11552 --- [ytrep] [org.springframework.kafka.KafkaListenerEndpointContainer#1-0-C-1] org.apache.kafka.clients.NetworkClient   : [Consumer clientId=consumer-video-processing-group-2, groupId=video-processing-group] Node 1 disconnected.
2026-08-11T13:34:03.575+05:30  WARN 11552 --- [ytrep] [org.springframework.kafka.KafkaListenerEndpointContainer#1-0-C-1] org.apache.kafka.clients.NetworkClient   : [Consumer clientId=consumer-video-processing-group-2, groupId=video-processing-group] Connection to node 1 (localhost/127.0.0.1:9092) could not be established. Node may not be available.
2026-08-11T13:34:03.682+05:30  INFO 11552 --- [ytrep] [kafka-producer-network-thread | ytrep-producer-1] org.apache.kafka.clients.NetworkClient   : [Producer clientId=ytrep-producer-1] Node 1 disconnected.
2026-08-11T13:34:03.682+05:30  WARN 11552 --- [ytrep] [kafka-producer-network-thread | ytrep-producer-1] org.apache.kafka.clients.NetworkClient   : [Producer clientId=ytrep-producer-1] Connection to node 1 (localhost/127.0.0.1:9092) could not be established. Node may not be available.
2026-08-11T13:34:03.746+05:30  INFO 11552 --- [ytrep] [org.springframework.kafka.KafkaListenerEndpointContainer#0-0-C-1] org.apache.kafka.clients.NetworkClient   : [Consumer clientId=consumer-video-processing-group-1, groupId=video-processing-group] Node 1 disconnected.
2026-08-11T13:34:03.747+05:30  WARN 11552 --- [ytrep] [org.springframework.kafka.KafkaListenerEndpointContainer#0-0-C-1] org.apache.kafka.clients.NetworkClient   : [Consumer clientId=consumer-video-processing-group-1, groupId=video-processing-group] Connection to node 1 (localhost/127.0.0.1:9092) could not be established. Node may not be available.
2026-08-11T13:34:04.584+05:30  INFO 11552 --- [ytrep] [org.springframework.kafka.KafkaListenerEndpointContainer#1-0-C-1] org.apache.kafka.clients.NetworkClient   : [Consumer clientId=consumer-video-processing-group-2, groupId=video-processing-group] Node 1 disconnected.
2026-08-11T13:34:04.584+05:30  WARN 11552 --- [ytrep] [org.springframework.kafka.KafkaListenerEndpointContainer#1-0-C-1] org.apache.kafka.clients.NetworkClient   : [Consumer clientId=consumer-video-processing-group-2, groupId=video-processing-group] Connection to node 1 (localhost/127.0.0.1:9092) could not be established. Node may not be available.
2026-08-11T13:34:04.709+05:30  INFO 11552 --- [ytrep] [kafka-producer-network-thread | ytrep-producer-1] org.apache.kafka.clients.NetworkClient   : [Producer clientId=ytrep-producer-1] Node 1 disconnected.
2026-08-11T13:34:04.709+05:30  WARN 11552 --- [ytrep] [kafka-producer-network-thread | ytrep-producer-1] org.apache.kafka.clients.NetworkClient   : [Producer clientId=ytrep-producer-1] Connection to node 1 (localhost/127.0.0.1:9092) could not be established. Node may not be available.
2026-08-11T13:34:04.755+05:30  INFO 11552 --- [ytrep] [org.springframework.kafka.KafkaListenerEndpointContainer#0-0-C-1] org.apache.kafka.clients.NetworkClient   : [Consumer clientId=consumer-video-processing-group-1, groupId=video-processing-group] Node 1 disconnected.
2026-08-11T13:34:04.756+05:30  WARN 11552 --- [ytrep] [org.springframework.kafka.KafkaListenerEndpointContainer#0-0-C-1] org.apache.kafka.clients.NetworkClient   : [Consumer clientId=consumer-video-processing-group-1, groupId=video-processing-group] Connection to node 1 (localhost/127.0.0.1:9092) could not be established. Node may not be available.
2026-08-11T13:34:05.499+05:30  INFO 11552 --- [ytrep] [org.springframework.kafka.KafkaListenerEndpointContainer#1-0-C-1] org.apache.kafka.clients.NetworkClient   : [Consumer clientId=consumer-video-processing-group-2, groupId=video-processing-group] Node 1 disconnected.
2026-08-11T13:34:05.500+05:30  WARN 11552 --- [ytrep] [org.springframework.kafka.KafkaListenerEndpointContainer#1-0-C-1] org.apache.kafka.clients.NetworkClient   : [Consumer clientId=consumer-video-processing-group-2, groupId=video-processing-group] Connection to node 1 (localhost/127.0.0.1:9092) could not be established. Node may not be available.
2026-08-11T13:34:05.716+05:30  INFO 11552 --- [ytrep] [kafka-producer-network-thread | ytrep-producer-1] org.apache.kafka.clients.NetworkClient   : [Producer clientId=ytrep-producer-1] Node 1 disconnected.
2026-08-11T13:34:05.717+05:30  WARN 11552 --- [ytrep] [kafka-producer-network-thread | ytrep-producer-1] org.apache.kafka.clients.NetworkClient   : [Producer clientId=ytrep-producer-1] Connection to node 1 (localhost/127.0.0.1:9092) could not be established. Node may not be available.
2026-08-11T13:34:05.731+05:30  INFO 11552 --- [ytrep] [org.springframework.kafka.KafkaListenerEndpointContainer#0-0-C-1] org.apache.kafka.clients.NetworkClient   : [Consumer clientId=consumer-video-processing-group-1, groupId=video-processing-group] Node 1 disconnected.
2026-08-11T13:34:05.732+05:30  WARN 11552 --- [ytrep] [org.springframework.kafka.KafkaListenerEndpointContainer#0-0-C-1] org.apache.kafka.clients.NetworkClient   : [Consumer clientId=consumer-video-processing-group-1, groupId=video-processing-group] Connection to node 1 (localhost/127.0.0.1:9092) could not be established. Node may not be available.
2026-08-11T13:34:06.446+05:30  INFO 11552 --- [ytrep] [org.springframework.kafka.KafkaListenerEndpointContainer#1-0-C-1] org.apache.kafka.clients.NetworkClient   : [Consumer clientId=consumer-video-processing-group-2, groupId=video-processing-group] Node 1 disconnected.
2026-08-11T13:34:06.447+05:30  WARN 11552 --- [ytrep] [org.springframework.kafka.KafkaListenerEndpointContainer#1-0-C-1] org.apache.kafka.clients.NetworkClient   : [Consumer clientId=consumer-video-processing-group-2, groupId=video-processing-group] Connection to node 1 (localhost/127.0.0.1:9092) could not be established. Node may not be available.
2026-08-11T13:34:06.727+05:30  INFO 11552 --- [ytrep] [kafka-producer-network-thread | ytrep-producer-1] org.apache.kafka.clients.NetworkClient   : [Producer clientId=ytrep-producer-1] Node 1 disconnected.
2026-08-11T13:34:06.728+05:30  WARN 11552 --- [ytrep] [kafka-producer-network-thread | ytrep-producer-1] org.apache.kafka.clients.NetworkClient   : [Producer clientId=ytrep-producer-1] Connection to node 1 (localhost/127.0.0.1:9092) could not be established. Node may not be available.
2026-08-11T13:34:06.743+05:30  INFO 11552 --- [ytrep] [org.springframework.kafka.KafkaListenerEndpointContainer#0-0-C-1] org.apache.kafka.clients.NetworkClient   : [Consumer clientId=consumer-video-processing-group-1, groupId=video-processing-group] Node 1 disconnected.
2026-08-11T13:34:06.744+05:30  WARN 11552 --- [ytrep] [org.springframework.kafka.KafkaListenerEndpointContainer#0-0-C-1] org.apache.kafka.clients.NetworkClient   : [Consumer clientId=consumer-video-processing-group-1, groupId=video-processing-group] Connection to node 1 (localhost/127.0.0.1:9092) could not be established. Node may not be available.
2026-08-11T13:34:07.462+05:30  INFO 11552 --- [ytrep] [org.springframework.kafka.KafkaListenerEndpointContainer#1-0-C-1] org.apache.kafka.clients.NetworkClient   : [Consumer clientId=consumer-video-processing-group-2, groupId=video-processing-group] Node 1 disconnected.
2026-08-11T13:34:07.462+05:30  WARN 11552 --- [ytrep] [org.springframework.kafka.KafkaListenerEndpointContainer#1-0-C-1] org.apache.kafka.clients.NetworkClient   : [Consumer clientId=consumer-video-processing-group-2, groupId=video-processing-group] Connection to node 1 (localhost/127.0.0.1:9092) could not be established. Node may not be available.
2026-08-11T13:34:07.728+05:30  INFO 11552 --- [ytrep] [kafka-producer-network-thread | ytrep-producer-1] org.apache.kafka.clients.NetworkClient   : [Producer clientId=ytrep-producer-1] Node 1 disconnected.
2026-08-11T13:34:07.728+05:30  WARN 11552 --- [ytrep] [kafka-producer-network-thread | ytrep-producer-1] org.apache.kafka.clients.NetworkClient   : [Producer clientId=ytrep-producer-1] Connection to node 1 (localhost/127.0.0.1:9092) could not be established. Node may not be available.
2026-08-11T13:34:07.745+05:30  INFO 11552 --- [ytrep] [org.springframework.kafka.KafkaListenerEndpointContainer#0-0-C-1] org.apache.kafka.clients.NetworkClient   : [Consumer clientId=consumer-video-processing-group-1, groupId=video-processing-group] Node 1 disconnected.
2026-08-11T13:34:07.745+05:30  WARN 11552 --- [ytrep] [org.springframework.kafka.KafkaListenerEndpointContainer#0-0-C-1] org.apache.kafka.clients.NetworkClient   : [Consumer clientId=consumer-video-processing-group-1, groupId=video-processing-group] Connection to node 1 (localhost/127.0.0.1:9092) could not be established. Node may not be available.
2026-08-11T13:34:08.476+05:30  INFO 11552 --- [ytrep] [org.springframework.kafka.KafkaListenerEndpointContainer#1-0-C-1] org.apache.kafka.clients.NetworkClient   : [Consumer clientId=consumer-video-processing-group-2, groupId=video-processing-group] Node 1 disconnected.
2026-08-11T13:34:08.476+05:30  WARN 11552 --- [ytrep] [org.springframework.kafka.KafkaListenerEndpointContainer#1-0-C-1] org.apache.kafka.clients.NetworkClient   : [Consumer clientId=consumer-video-processing-group-2, groupId=video-processing-group] Connection to node 1 (localhost/127.0.0.1:9092) could not be established. Node may not be available.
2026-08-11T13:34:08.729+05:30  INFO 11552 --- [ytrep] [kafka-producer-network-thread | ytrep-producer-1] org.apache.kafka.clients.NetworkClient   : [Producer clientId=ytrep-producer-1] Node 1 disconnected.
2026-08-11T13:34:08.729+05:30  WARN 11552 --- [ytrep] [kafka-producer-network-thread | ytrep-producer-1] org.apache.kafka.clients.NetworkClient   : [Producer clientId=ytrep-producer-1] Connection to node 1 (localhost/127.0.0.1:9092) could not be established. Node may not be available.
2026-08-11T13:34:08.756+05:30  INFO 11552 --- [ytrep] [org.springframework.kafka.KafkaListenerEndpointContainer#0-0-C-1] org.apache.kafka.clients.NetworkClient   : [Consumer clientId=consumer-video-processing-group-1, groupId=video-processing-group] Node 1 disconnected.
2026-08-11T13:34:08.758+05:30  WARN 11552 --- [ytrep] [org.springframework.kafka.KafkaListenerEndpointContainer#0-0-C-1] org.apache.kafka.clients.NetworkClient   : [Consumer clientId=consumer-video-processing-group-1, groupId=video-processing-group] Connection to node 1 (localhost/127.0.0.1:9092) could not be established. Node may not be available.
2026-08-11T13:34:09.500+05:30  INFO 11552 --- [ytrep] [org.springframework.kafka.KafkaListenerEndpointContainer#1-0-C-1] org.apache.kafka.clients.NetworkClient   : [Consumer clientId=consumer-video-processing-group-2, groupId=video-processing-group] Node 1 disconnected.
2026-08-11T13:34:09.502+05:30  WARN 11552 --- [ytrep] [org.springframework.kafka.KafkaListenerEndpointContainer#1-0-C-1] org.apache.kafka.clients.NetworkClient   : [Consumer clientId=consumer-video-processing-group-2, groupId=video-processing-group] Connection to node 1 (localhost/127.0.0.1:9092) could not be established. Node may not be available.
2026-08-11T13:34:09.531+05:30  INFO 11552 --- [ytrep] [lettuce-eventExecutorLoop-1-3] i.l.core.protocol.ConnectionWatchdog     : Reconnecting, last destination was localhost/<unresolved>:6379
2026-08-11T13:34:09.534+05:30  WARN 11552 --- [ytrep] [lettuce-nioEventLoop-4-4] i.l.core.protocol.ConnectionWatchdog     : Cannot reconnect to [localhost/<unresolved>:6379]: Connection refused: getsockopt: localhost/127.0.0.1:6379
2026-08-11T13:34:09.655+05:30  INFO 11552 --- [ytrep] [kafka-producer-network-thread | ytrep-producer-1] org.apache.kafka.clients.NetworkClient   : [Producer clientId=ytrep-producer-1] Node 1 disconnected.
2026-08-11T13:34:09.656+05:30  WARN 11552 --- [ytrep] [kafka-producer-network-thread | ytrep-producer-1] org.apache.kafka.clients.NetworkClient   : [Producer clientId=ytrep-producer-1] Connection to node 1 (localhost/127.0.0.1:9092) could not be established. Node may not be available.
2026-08-11T13:34:09.763+05:30  INFO 11552 --- [ytrep] [org.springframework.kafka.KafkaListenerEndpointContainer#0-0-C-1] org.apache.kafka.clients.NetworkClient   : [Consumer clientId=consumer-video-processing-group-1, groupId=video-processing-group] Node 1 disconnected.
2026-08-11T13:34:09.764+05:30  WARN 11552 --- [ytrep] [org.springframework.kafka.KafkaListenerEndpointContainer#0-0-C-1] org.apache.kafka.clients.NetworkClient   : [Consumer clientId=consumer-video-processing-group-1, groupId=video-processing-group] Connection to node 1 (localhost/127.0.0.1:9092) could not be established. Node may not be available.
2026-08-11T13:34:10.505+05:30  INFO 11552 --- [ytrep] [kafka-producer-network-thread | ytrep-producer-1] org.apache.kafka.clients.NetworkClient   : [Producer clientId=ytrep-producer-1] Node 1 disconnected.
2026-08-11T13:34:10.505+05:30  INFO 11552 --- [ytrep] [org.springframework.kafka.KafkaListenerEndpointContainer#1-0-C-1] org.apache.kafka.clients.NetworkClient   : [Consumer clientId=consumer-video-processing-group-2, groupId=video-processing-group] Node 1 disconnected.
2026-08-11T13:34:10.506+05:30  WARN 11552 --- [ytrep] [kafka-producer-network-thread | ytrep-producer-1] org.apache.kafka.clients.NetworkClient   : [Producer clientId=ytrep-producer-1] Connection to node 1 (localhost/127.0.0.1:9092) could not be established. Node may not be available.
2026-08-11T13:34:10.506+05:30  WARN 11552 --- [ytrep] [org.springframework.kafka.KafkaListenerEndpointContainer#1-0-C-1] org.apache.kafka.clients.NetworkClient   : [Consumer clientId=consumer-video-processing-group-2, groupId=video-processing-group] Connection to node 1 (localhost/127.0.0.1:9092) could not be established. Node may not be available.
2026-08-11T13:34:10.730+05:30  INFO 11552 --- [ytrep] [org.springframework.kafka.KafkaListenerEndpointContainer#0-0-C-1] org.apache.kafka.clients.NetworkClient   : [Consumer clientId=consumer-video-processing-group-1, groupId=video-processing-group] Node 1 disconnected.
2026-08-11T13:34:10.730+05:30  WARN 11552 --- [ytrep] [org.springframework.kafka.KafkaListenerEndpointContainer#0-0-C-1] org.apache.kafka.clients.NetworkClient   : [Consumer clientId=consumer-video-processing-group-1, groupId=video-processing-group] Connection to node 1 (localhost/127.0.0.1:9092) could not be established. Node may not be available.
2026-08-11T13:34:11.472+05:30  INFO 11552 --- [ytrep] [org.springframework.kafka.KafkaListenerEndpointContainer#1-0-C-1] org.apache.kafka.clients.NetworkClient   : [Consumer clientId=consumer-video-processing-group-2, groupId=video-processing-group] Node 1 disconnected.
2026-08-11T13:34:11.472+05:30  WARN 11552 --- [ytrep] [org.springframework.kafka.KafkaListenerEndpointContainer#1-0-C-1] org.apache.kafka.clients.NetworkClient   : [Consumer clientId=consumer-video-processing-group-2, groupId=video-processing-group] Connection to node 1 (localhost/127.0.0.1:9092) could not be established. Node may not be available.
2026-08-11T13:34:11.518+05:30  INFO 11552 --- [ytrep] [kafka-producer-network-thread | ytrep-producer-1] org.apache.kafka.clients.NetworkClient   : [Producer clientId=ytrep-producer-1] Node 1 disconnected.
2026-08-11T13:34:11.519+05:30  WARN 11552 --- [ytrep] [kafka-producer-network-thread | ytrep-producer-1] org.apache.kafka.clients.NetworkClient   : [Producer clientId=ytrep-producer-1] Connection to node 1 (localhost/127.0.0.1:9092) could not be established. Node may not be available.
2026-08-11T13:34:11.784+05:30  INFO 11552 --- [ytrep] [org.springframework.kafka.KafkaListenerEndpointContainer#0-0-C-1] org.apache.kafka.clients.NetworkClient   : [Consumer clientId=consumer-video-processing-group-1, groupId=video-processing-group] Node 1 disconnected.
2026-08-11T13:34:11.784+05:30  WARN 11552 --- [ytrep] [org.springframework.kafka.KafkaListenerEndpointContainer#0-0-C-1] org.apache.kafka.clients.NetworkClient   : [Consumer clientId=consumer-video-processing-group-1, groupId=video-processing-group] Connection to node 1 (localhost/127.0.0.1:9092) could not be established. Node may not be available.
2026-08-11T13:34:12.488+05:30  INFO 11552 --- [ytrep] [kafka-coordinator-heartbeat-thread | video-processing-group] org.apache.kafka.clients.NetworkClient   : [Consumer clientId=consumer-video-processing-group-2, groupId=video-processing-group] Node 1 disconnected.
2026-08-11T13:34:12.489+05:30  WARN 11552 --- [ytrep] [kafka-coordinator-heartbeat-thread | video-processing-group] org.apache.kafka.clients.NetworkClient   : [Consumer clientId=consumer-video-processing-group-2, groupId=video-processing-group] Connection to node 1 (localhost/127.0.0.1:9092) could not be established. Node may not be available.
2026-08-11T13:34:12.520+05:30  INFO 11552 --- [ytrep] [kafka-producer-network-thread | ytrep-producer-1] org.apache.kafka.clients.NetworkClient   : [Producer clientId=ytrep-producer-1] Node 1 disconnected.
2026-08-11T13:34:12.521+05:30  WARN 11552 --- [ytrep] [kafka-producer-network-thread | ytrep-producer-1] org.apache.kafka.clients.NetworkClient   : [Producer clientId=ytrep-producer-1] Connection to node 1 (localhost/127.0.0.1:9092) could not be established. Node may not be available.
2026-08-11T13:34:12.785+05:30  INFO 11552 --- [ytrep] [org.springframework.kafka.KafkaListenerEndpointContainer#0-0-C-1] org.apache.kafka.clients.NetworkClient   : [Consumer clientId=consumer-video-processing-group-1, groupId=video-processing-group] Node 1 disconnected.
2026-08-11T13:34:12.786+05:30  WARN 11552 --- [ytrep] [org.springframework.kafka.KafkaListenerEndpointContainer#0-0-C-1] org.apache.kafka.clients.NetworkClient   : [Consumer clientId=consumer-video-processing-group-1, groupId=video-processing-group] Connection to node 1 (localhost/127.0.0.1:9092) could not be established. Node may not be available.
2026-08-11T13:34:13.502+05:30  INFO 11552 --- [ytrep] [org.springframework.kafka.KafkaListenerEndpointContainer#1-0-C-1] org.apache.kafka.clients.NetworkClient   : [Consumer clientId=consumer-video-processing-group-2, groupId=video-processing-group] Node 1 disconnected.
2026-08-11T13:34:13.503+05:30  WARN 11552 --- [ytrep] [org.springframework.kafka.KafkaListenerEndpointContainer#1-0-C-1] org.apache.kafka.clients.NetworkClient   : [Consumer clientId=consumer-video-processing-group-2, groupId=video-processing-group] Connection to node 1 (localhost/127.0.0.1:9092) could not be established. Node may not be available.
2026-08-11T13:34:13.533+05:30  INFO 11552 --- [ytrep] [kafka-producer-network-thread | ytrep-producer-1] org.apache.kafka.clients.NetworkClient   : [Producer clientId=ytrep-producer-1] Node 1 disconnected.
2026-08-11T13:34:13.534+05:30  WARN 11552 --- [ytrep] [kafka-producer-network-thread | ytrep-producer-1] org.apache.kafka.clients.NetworkClient   : [Producer clientId=ytrep-producer-1] Connection to node 1 (localhost/127.0.0.1:9092) could not be established. Node may not be available.
2026-08-11T13:34:13.799+05:30  INFO 11552 --- [ytrep] [org.springframework.kafka.KafkaListenerEndpointContainer#0-0-C-1] org.apache.kafka.clients.NetworkClient   : [Consumer clientId=consumer-video-processing-group-1, groupId=video-processing-group] Node 1 disconnected.
2026-08-11T13:34:13.799+05:30  WARN 11552 --- [ytrep] [org.springframework.kafka.KafkaListenerEndpointContainer#0-0-C-1] org.apache.kafka.clients.NetworkClient   : [Consumer clientId=consumer-video-processing-group-1, groupId=video-processing-group] Connection to node 1 (localhost/127.0.0.1:9092) could not be established. Node may not be available.
2026-08-11T13:34:14.514+05:30  INFO 11552 --- [ytrep] [org.springframework.kafka.KafkaListenerEndpointContainer#1-0-C-1] org.apache.kafka.clients.NetworkClient   : [Consumer clientId=consumer-video-processing-group-2, groupId=video-processing-group] Node 1 disconnected.
2026-08-11T13:34:14.515+05:30  WARN 11552 --- [ytrep] [org.springframework.kafka.KafkaListenerEndpointContainer#1-0-C-1] org.apache.kafka.clients.NetworkClient   : [Consumer clientId=consumer-video-processing-group-2, groupId=video-processing-group] Connection to node 1 (localhost/127.0.0.1:9092) could not be established. Node may not be available.
2026-08-11T13:34:14.576+05:30  INFO 11552 --- [ytrep] [kafka-producer-network-thread | ytrep-producer-1] org.apache.kafka.clients.NetworkClient   : [Producer clientId=ytrep-producer-1] Node 1 disconnected.
2026-08-11T13:34:14.577+05:30  WARN 11552 --- [ytrep] [kafka-producer-network-thread | ytrep-producer-1] org.apache.kafka.clients.NetworkClient   : [Producer clientId=ytrep-producer-1] Connection to node 1 (localhost/127.0.0.1:9092) could not be established. Node may not be available.
2026-08-11T13:34:14.839+05:30  INFO 11552 --- [ytrep] [org.springframework.kafka.KafkaListenerEndpointContainer#0-0-C-1] org.apache.kafka.clients.NetworkClient   : [Consumer clientId=consumer-video-processing-group-1, groupId=video-processing-group] Node 1 disconnected.
2026-08-11T13:34:14.839+05:30  WARN 11552 --- [ytrep] [org.springframework.kafka.KafkaListenerEndpointContainer#0-0-C-1] org.apache.kafka.clients.NetworkClient   : [Consumer clientId=consumer-video-processing-group-1, groupId=video-processing-group] Connection to node 1 (localhost/127.0.0.1:9092) could not be established. Node may not be available.
2026-08-11T13:34:15.527+05:30  INFO 11552 --- [ytrep] [org.springframework.kafka.KafkaListenerEndpointContainer#1-0-C-1] org.apache.kafka.clients.NetworkClient   : [Consumer clientId=consumer-video-processing-group-2, groupId=video-processing-group] Node 1 disconnected.
2026-08-11T13:34:15.527+05:30  WARN 11552 --- [ytrep] [org.springframework.kafka.KafkaListenerEndpointContainer#1-0-C-1] org.apache.kafka.clients.NetworkClient   : [Consumer clientId=consumer-video-processing-group-2, groupId=video-processing-group] Connection to node 1 (localhost/127.0.0.1:9092) could not be established. Node may not be available.
2026-08-11T13:34:15.588+05:30  INFO 11552 --- [ytrep] [kafka-producer-network-thread | ytrep-producer-1] org.apache.kafka.clients.NetworkClient   : [Producer clientId=ytrep-producer-1] Node 1 disconnected.
2026-08-11T13:34:15.588+05:30  WARN 11552 --- [ytrep] [kafka-producer-network-thread | ytrep-producer-1] org.apache.kafka.clients.NetworkClient   : [Producer clientId=ytrep-producer-1] Connection to node 1 (localhost/127.0.0.1:9092) could not be established. Node may not be available.
2026-08-11T13:34:15.853+05:30  INFO 11552 --- [ytrep] [org.springframework.kafka.KafkaListenerEndpointContainer#0-0-C-1] org.apache.kafka.clients.NetworkClient   : [Consumer clientId=consumer-video-processing-group-1, groupId=video-processing-group] Node 1 disconnected.
2026-08-11T13:34:15.853+05:30  WARN 11552 --- [ytrep] [org.springframework.kafka.KafkaListenerEndpointContainer#0-0-C-1] org.apache.kafka.clients.NetworkClient   : [Consumer clientId=consumer-video-processing-group-1, groupId=video-processing-group] Connection to node 1 (localhost/127.0.0.1:9092) could not be established. Node may not be available.
2026-08-11T13:34:16.581+05:30  INFO 11552 --- [ytrep] [org.springframework.kafka.KafkaListenerEndpointContainer#1-0-C-1] org.apache.kafka.clients.NetworkClient   : [Consumer clientId=consumer-video-processing-group-2, groupId=video-processing-group] Node 1 disconnected.
2026-08-11T13:34:16.582+05:30  WARN 11552 --- [ytrep] [org.springframework.kafka.KafkaListenerEndpointContainer#1-0-C-1] org.apache.kafka.clients.NetworkClient   : [Consumer clientId=consumer-video-processing-group-2, groupId=video-processing-group] Connection to node 1 (localhost/127.0.0.1:9092) could not be established. Node may not be available.
2026-08-11T13:34:16.598+05:30  INFO 11552 --- [ytrep] [kafka-producer-network-thread | ytrep-producer-1] org.apache.kafka.clients.NetworkClient   : [Producer clientId=ytrep-producer-1] Node 1 disconnected.
2026-08-11T13:34:16.598+05:30  WARN 11552 --- [ytrep] [kafka-producer-network-thread | ytrep-producer-1] org.apache.kafka.clients.NetworkClient   : [Producer clientId=ytrep-producer-1] Connection to node 1 (localhost/127.0.0.1:9092) could not be established. Node may not be available.
2026-08-11T13:34:16.876+05:30  INFO 11552 --- [ytrep] [org.springframework.kafka.KafkaListenerEndpointContainer#0-0-C-1] org.apache.kafka.clients.NetworkClient   : [Consumer clientId=consumer-video-processing-group-1, groupId=video-processing-group] Node 1 disconnected.
2026-08-11T13:34:16.876+05:30  WARN 11552 --- [ytrep] [org.springframework.kafka.KafkaListenerEndpointContainer#0-0-C-1] org.apache.kafka.clients.NetworkClient   : [Consumer clientId=consumer-video-processing-group-1, groupId=video-processing-group] Connection to node 1 (localhost/127.0.0.1:9092) could not be established. Node may not be available.
2026-08-11T13:34:17.498+05:30  INFO 11552 --- [ytrep] [org.springframework.kafka.KafkaListenerEndpointContainer#1-0-C-1] org.apache.kafka.clients.NetworkClient   : [Consumer clientId=consumer-video-processing-group-2, groupId=video-processing-group] Node 1 disconnected.
2026-08-11T13:34:17.499+05:30  WARN 11552 --- [ytrep] [org.springframework.kafka.KafkaListenerEndpointContainer#1-0-C-1] org.apache.kafka.clients.NetworkClient   : [Consumer clientId=consumer-video-processing-group-2, groupId=video-processing-group] Connection to node 1 (localhost/127.0.0.1:9092) could not be established. Node may not be available.
2026-08-11T13:34:17.499+05:30  INFO 11552 --- [ytrep] [org.springframework.kafka.KafkaListenerEndpointContainer#1-0-C-1] o.a.kafka.clients.FetchSessionHandler    : [Consumer clientId=consumer-video-processing-group-2, groupId=video-processing-group] Error sending fetch request (sessionId=117276416, epoch=INITIAL) to node 1:

org.apache.kafka.common.errors.DisconnectException

2026-08-11T13:34:17.600+05:30  INFO 11552 --- [ytrep] [kafka-producer-network-thread | ytrep-producer-1] org.apache.kafka.clients.NetworkClient   : [Producer clientId=ytrep-producer-1] Node 1 disconnected.
2026-08-11T13:34:17.601+05:30  WARN 11552 --- [ytrep] [kafka-producer-network-thread | ytrep-producer-1] org.apache.kafka.clients.NetworkClient   : [Producer clientId=ytrep-producer-1] Connection to node 1 (localhost/127.0.0.1:9092) could not be established. Node may not be available.
2026-08-11T13:34:17.889+05:30  INFO 11552 --- [ytrep] [org.springframework.kafka.KafkaListenerEndpointContainer#0-0-C-1] org.apache.kafka.clients.NetworkClient   : [Consumer clientId=consumer-video-processing-group-1, groupId=video-processing-group] Node 1 disconnected.
2026-08-11T13:34:17.889+05:30  WARN 11552 --- [ytrep] [org.springframework.kafka.KafkaListenerEndpointContainer#0-0-C-1] org.apache.kafka.clients.NetworkClient   : [Consumer clientId=consumer-video-processing-group-1, groupId=video-processing-group] Connection to node 1 (localhost/127.0.0.1:9092) could not be established. Node may not be available.
2026-08-11T13:34:18.500+05:30  INFO 11552 --- [ytrep] [org.springframework.kafka.KafkaListenerEndpointContainer#1-0-C-1] org.apache.kafka.clients.NetworkClient   : [Consumer clientId=consumer-video-processing-group-2, groupId=video-processing-group] Node 1 disconnected.
2026-08-11T13:34:18.500+05:30  WARN 11552 --- [ytrep] [org.springframework.kafka.KafkaListenerEndpointContainer#1-0-C-1] org.apache.kafka.clients.NetworkClient   : [Consumer clientId=consumer-video-processing-group-2, groupId=video-processing-group] Connection to node 1 (localhost/127.0.0.1:9092) could not be established. Node may not be available.
2026-08-11T13:34:18.611+05:30  INFO 11552 --- [ytrep] [kafka-producer-network-thread | ytrep-producer-1] org.apache.kafka.clients.NetworkClient   : [Producer clientId=ytrep-producer-1] Node 1 disconnected.
2026-08-11T13:34:18.611+05:30  WARN 11552 --- [ytrep] [kafka-producer-network-thread | ytrep-producer-1] org.apache.kafka.clients.NetworkClient   : [Producer clientId=ytrep-producer-1] Connection to node 1 (localhost/127.0.0.1:9092) could not be established. Node may not be available.
2026-08-11T13:34:18.904+05:30  INFO 11552 --- [ytrep] [org.springframework.kafka.KafkaListenerEndpointContainer#0-0-C-1] org.apache.kafka.clients.NetworkClient   : [Consumer clientId=consumer-video-processing-group-1, groupId=video-processing-group] Node 1 disconnected.
2026-08-11T13:34:18.904+05:30  WARN 11552 --- [ytrep] [org.springframework.kafka.KafkaListenerEndpointContainer#0-0-C-1] org.apache.kafka.clients.NetworkClient   : [Consumer clientId=consumer-video-processing-group-1, groupId=video-processing-group] Connection to node 1 (localhost/127.0.0.1:9092) could not be established. Node may not be available.
2026-08-11T13:34:19.527+05:30  INFO 11552 --- [ytrep] [org.springframework.kafka.KafkaListenerEndpointContainer#1-0-C-1] org.apache.kafka.clients.NetworkClient   : [Consumer clientId=consumer-video-processing-group-2, groupId=video-processing-group] Node 1 disconnected.
2026-08-11T13:34:19.528+05:30  WARN 11552 --- [ytrep] [org.springframework.kafka.KafkaListenerEndpointContainer#1-0-C-1] org.apache.kafka.clients.NetworkClient   : [Consumer clientId=consumer-video-processing-group-2, groupId=video-processing-group] Connection to node 1 (localhost/127.0.0.1:9092) could not be established. Node may not be available.
2026-08-11T13:34:19.622+05:30  INFO 11552 --- [ytrep] [kafka-producer-network-thread | ytrep-producer-1] org.apache.kafka.clients.NetworkClient   : [Producer clientId=ytrep-producer-1] Node 1 disconnected.
2026-08-11T13:34:19.622+05:30  WARN 11552 --- [ytrep] [kafka-producer-network-thread | ytrep-producer-1] org.apache.kafka.clients.NetworkClient   : [Producer clientId=ytrep-producer-1] Connection to node 1 (localhost/127.0.0.1:9092) could not be established. Node may not be available.
2026-08-11T13:34:19.872+05:30  INFO 11552 --- [ytrep] [org.springframework.kafka.KafkaListenerEndpointContainer#0-0-C-1] org.apache.kafka.clients.NetworkClient   : [Consumer clientId=consumer-video-processing-group-1, groupId=video-processing-group] Node 1 disconnected.
2026-08-11T13:34:19.872+05:30  WARN 11552 --- [ytrep] [org.springframework.kafka.KafkaListenerEndpointContainer#0-0-C-1] org.apache.kafka.clients.NetworkClient   : [Consumer clientId=consumer-video-processing-group-1, groupId=video-processing-group] Connection to node 1 (localhost/127.0.0.1:9092) could not be established. Node may not be available.
2026-08-11T13:34:20.493+05:30  INFO 11552 --- [ytrep] [org.springframework.kafka.KafkaListenerEndpointContainer#1-0-C-1] org.apache.kafka.clients.NetworkClient   : [Consumer clientId=consumer-video-processing-group-2, groupId=video-processing-group] Node 1 disconnected.
2026-08-11T13:34:20.493+05:30  WARN 11552 --- [ytrep] [org.springframework.kafka.KafkaListenerEndpointContainer#1-0-C-1] org.apache.kafka.clients.NetworkClient   : [Consumer clientId=consumer-video-processing-group-2, groupId=video-processing-group] Connection to node 1 (localhost/127.0.0.1:9092) could not be established. Node may not be available.
2026-08-11T13:34:20.632+05:30  INFO 11552 --- [ytrep] [kafka-producer-network-thread | ytrep-producer-1] org.apache.kafka.clients.NetworkClient   : [Producer clientId=ytrep-producer-1] Node 1 disconnected.
2026-08-11T13:34:20.633+05:30  WARN 11552 --- [ytrep] [kafka-producer-network-thread | ytrep-producer-1] org.apache.kafka.clients.NetworkClient   : [Producer clientId=ytrep-producer-1] Connection to node 1 (localhost/127.0.0.1:9092) could not be established. Node may not be available.
2026-08-11T13:34:20.726+05:30  INFO 11552 --- [ytrep] [org.springframework.kafka.KafkaListenerEndpointContainer#0-0-C-1] org.apache.kafka.clients.NetworkClient   : [Consumer clientId=consumer-video-processing-group-1, groupId=video-processing-group] Node 1 disconnected.
2026-08-11T13:34:20.727+05:30  WARN 11552 --- [ytrep] [org.springframework.kafka.KafkaListenerEndpointContainer#0-0-C-1] org.apache.kafka.clients.NetworkClient   : [Consumer clientId=consumer-video-processing-group-1, groupId=video-processing-group] Connection to node 1 (localhost/127.0.0.1:9092) could not be established. Node may not be available.
2026-08-11T13:34:21.503+05:30  INFO 11552 --- [ytrep] [org.springframework.kafka.KafkaListenerEndpointContainer#1-0-C-1] org.apache.kafka.clients.NetworkClient   : [Consumer clientId=consumer-video-processing-group-2, groupId=video-processing-group] Node 1 disconnected.
2026-08-11T13:34:21.503+05:30  WARN 11552 --- [ytrep] [org.springframework.kafka.KafkaListenerEndpointContainer#1-0-C-1] org.apache.kafka.clients.NetworkClient   : [Consumer clientId=consumer-video-processing-group-2, groupId=video-processing-group] Connection to node 1 (localhost/127.0.0.1:9092) could not be established. Node may not be available.
2026-08-11T13:34:21.643+05:30  INFO 11552 --- [ytrep] [kafka-producer-network-thread | ytrep-producer-1] org.apache.kafka.clients.NetworkClient   : [Producer clientId=ytrep-producer-1] Node 1 disconnected.
2026-08-11T13:34:21.643+05:30  WARN 11552 --- [ytrep] [kafka-producer-network-thread | ytrep-producer-1] org.apache.kafka.clients.NetworkClient   : [Producer clientId=ytrep-producer-1] Connection to node 1 (localhost/127.0.0.1:9092) could not be established. Node may not be available.
2026-08-11T13:34:21.659+05:30  INFO 11552 --- [ytrep] [org.springframework.kafka.KafkaListenerEndpointContainer#0-0-C-1] org.apache.kafka.clients.NetworkClient   : [Consumer clientId=consumer-video-processing-group-1, groupId=video-processing-group] Node 1 disconnected.
2026-08-11T13:34:21.660+05:30  WARN 11552 --- [ytrep] [org.springframework.kafka.KafkaListenerEndpointContainer#0-0-C-1] org.apache.kafka.clients.NetworkClient   : [Consumer clientId=consumer-video-processing-group-1, groupId=video-processing-group] Connection to node 1 (localhost/127.0.0.1:9092) could not be established. Node may not be available.
2026-08-11T13:34:22.514+05:30  INFO 11552 --- [ytrep] [kafka-coordinator-heartbeat-thread | video-processing-group] org.apache.kafka.clients.NetworkClient   : [Consumer clientId=consumer-video-processing-group-2, groupId=video-processing-group] Node 1 disconnected.
2026-08-11T13:34:22.515+05:30  WARN 11552 --- [ytrep] [kafka-coordinator-heartbeat-thread | video-processing-group] org.apache.kafka.clients.NetworkClient   : [Consumer clientId=consumer-video-processing-group-2, groupId=video-processing-group] Connection to node 1 (localhost/127.0.0.1:9092) could not be established. Node may not be available.
2026-08-11T13:34:22.515+05:30  INFO 11552 --- [ytrep] [kafka-coordinator-heartbeat-thread | video-processing-group] o.a.kafka.clients.FetchSessionHandler    : [Consumer clientId=consumer-video-processing-group-2, groupId=video-processing-group] Error sending fetch request (sessionId=117276416, epoch=INITIAL) to node 1:

org.apache.kafka.common.errors.DisconnectException

2026-08-11T13:34:22.655+05:30  INFO 11552 --- [ytrep] [kafka-producer-network-thread | ytrep-producer-1] org.apache.kafka.clients.NetworkClient   : [Producer clientId=ytrep-producer-1] Node 1 disconnected.
2026-08-11T13:34:22.655+05:30  WARN 11552 --- [ytrep] [kafka-producer-network-thread | ytrep-producer-1] org.apache.kafka.clients.NetworkClient   : [Producer clientId=ytrep-producer-1] Connection to node 1 (localhost/127.0.0.1:9092) could not be established. Node may not be available.
2026-08-11T13:34:22.700+05:30  INFO 11552 --- [ytrep] [org.springframework.kafka.KafkaListenerEndpointContainer#0-0-C-1] org.apache.kafka.clients.NetworkClient   : [Consumer clientId=consumer-video-processing-group-1, groupId=video-processing-group] Node 1 disconnected.
2026-08-11T13:34:22.701+05:30  WARN 11552 --- [ytrep] [org.springframework.kafka.KafkaListenerEndpointContainer#0-0-C-1] org.apache.kafka.clients.NetworkClient   : [Consumer clientId=consumer-video-processing-group-1, groupId=video-processing-group] Connection to node 1 (localhost/127.0.0.1:9092) could not be established. Node may not be available.
2026-08-11T13:34:23.526+05:30  INFO 11552 --- [ytrep] [org.springframework.kafka.KafkaListenerEndpointContainer#1-0-C-1] org.apache.kafka.clients.NetworkClient   : [Consumer clientId=consumer-video-processing-group-2, groupId=video-processing-group] Node 1 disconnected.
2026-08-11T13:34:23.526+05:30  WARN 11552 --- [ytrep] [org.springframework.kafka.KafkaListenerEndpointContainer#1-0-C-1] org.apache.kafka.clients.NetworkClient   : [Consumer clientId=consumer-video-processing-group-2, groupId=video-processing-group] Connection to node 1 (localhost/127.0.0.1:9092) could not be established. Node may not be available.
2026-08-11T13:34:23.665+05:30  INFO 11552 --- [ytrep] [kafka-producer-network-thread | ytrep-producer-1] org.apache.kafka.clients.NetworkClient   : [Producer clientId=ytrep-producer-1] Node 1 disconnected.
2026-08-11T13:34:23.665+05:30  WARN 11552 --- [ytrep] [kafka-producer-network-thread | ytrep-producer-1] org.apache.kafka.clients.NetworkClient   : [Producer clientId=ytrep-producer-1] Connection to node 1 (localhost/127.0.0.1:9092) could not be established. Node may not be available.
2026-08-11T13:34:23.713+05:30  INFO 11552 --- [ytrep] [org.springframework.kafka.KafkaListenerEndpointContainer#0-0-C-1] org.apache.kafka.clients.NetworkClient   : [Consumer clientId=consumer-video-processing-group-1, groupId=video-processing-group] Node 1 disconnected.
2026-08-11T13:34:23.713+05:30  WARN 11552 --- [ytrep] [org.springframework.kafka.KafkaListenerEndpointContainer#0-0-C-1] org.apache.kafka.clients.NetworkClient   : [Consumer clientId=consumer-video-processing-group-1, groupId=video-processing-group] Connection to node 1 (localhost/127.0.0.1:9092) could not be established. Node may not be available.
2026-08-11T13:34:24.540+05:30  INFO 11552 --- [ytrep] [org.springframework.kafka.KafkaListenerEndpointContainer#1-0-C-1] org.apache.kafka.clients.NetworkClient   : [Consumer clientId=consumer-video-processing-group-2, groupId=video-processing-group] Node 1 disconnected.
2026-08-11T13:34:24.540+05:30  WARN 11552 --- [ytrep] [org.springframework.kafka.KafkaListenerEndpointContainer#1-0-C-1] org.apache.kafka.clients.NetworkClient   : [Consumer clientId=consumer-video-processing-group-2, groupId=video-processing-group] Connection to node 1 (localhost/127.0.0.1:9092) could not be established. Node may not be available.
2026-08-11T13:34:24.681+05:30  INFO 11552 --- [ytrep] [kafka-producer-network-thread | ytrep-producer-1] org.apache.kafka.clients.NetworkClient   : [Producer clientId=ytrep-producer-1] Node 1 disconnected.
2026-08-11T13:34:24.681+05:30  WARN 11552 --- [ytrep] [kafka-producer-network-thread | ytrep-producer-1] org.apache.kafka.clients.NetworkClient   : [Producer clientId=ytrep-producer-1] Connection to node 1 (localhost/127.0.0.1:9092) could not be established. Node may not be available.
2026-08-11T13:34:24.730+05:30  INFO 11552 --- [ytrep] [org.springframework.kafka.KafkaListenerEndpointContainer#0-0-C-1] org.apache.kafka.clients.NetworkClient   : [Consumer clientId=consumer-video-processing-group-1, groupId=video-processing-group] Node 1 disconnected.
2026-08-11T13:34:24.730+05:30  WARN 11552 --- [ytrep] [org.springframework.kafka.KafkaListenerEndpointContainer#0-0-C-1] org.apache.kafka.clients.NetworkClient   : [Consumer clientId=consumer-video-processing-group-1, groupId=video-processing-group] Connection to node 1 (localhost/127.0.0.1:9092) could not be established. Node may not be available.
2026-08-11T13:34:25.557+05:30  INFO 11552 --- [ytrep] [org.springframework.kafka.KafkaListenerEndpointContainer#1-0-C-1] org.apache.kafka.clients.NetworkClient   : [Consumer clientId=consumer-video-processing-group-2, groupId=video-processing-group] Node 1 disconnected.
2026-08-11T13:34:25.558+05:30  WARN 11552 --- [ytrep] [org.springframework.kafka.KafkaListenerEndpointContainer#1-0-C-1] org.apache.kafka.clients.NetworkClient   : [Consumer clientId=consumer-video-processing-group-2, groupId=video-processing-group] Connection to node 1 (localhost/127.0.0.1:9092) could not be established. Node may not be available.
2026-08-11T13:34:25.650+05:30  INFO 11552 --- [ytrep] [kafka-producer-network-thread | ytrep-producer-1] org.apache.kafka.clients.NetworkClient   : [Producer clientId=ytrep-producer-1] Node 1 disconnected.
2026-08-11T13:34:25.650+05:30  WARN 11552 --- [ytrep] [kafka-producer-network-thread | ytrep-producer-1] org.apache.kafka.clients.NetworkClient   : [Producer clientId=ytrep-producer-1] Connection to node 1 (localhost/127.0.0.1:9092) could not be established. Node may not be available.
2026-08-11T13:34:25.680+05:30  INFO 11552 --- [ytrep] [org.springframework.kafka.KafkaListenerEndpointContainer#0-0-C-1] org.apache.kafka.clients.NetworkClient   : [Consumer clientId=consumer-video-processing-group-1, groupId=video-processing-group] Node 1 disconnected.
2026-08-11T13:34:25.681+05:30  WARN 11552 --- [ytrep] [org.springframework.kafka.KafkaListenerEndpointContainer#0-0-C-1] org.apache.kafka.clients.NetworkClient   : [Consumer clientId=consumer-video-processing-group-1, groupId=video-processing-group] Connection to node 1 (localhost/127.0.0.1:9092) could not be established. Node may not be available.
2026-08-11T13:34:26.565+05:30  INFO 11552 --- [ytrep] [org.springframework.kafka.KafkaListenerEndpointContainer#1-0-C-1] org.apache.kafka.clients.NetworkClient   : [Consumer clientId=consumer-video-processing-group-2, groupId=video-processing-group] Node 1 disconnected.
2026-08-11T13:34:26.565+05:30  WARN 11552 --- [ytrep] [org.springframework.kafka.KafkaListenerEndpointContainer#1-0-C-1] org.apache.kafka.clients.NetworkClient   : [Consumer clientId=consumer-video-processing-group-2, groupId=video-processing-group] Connection to node 1 (localhost/127.0.0.1:9092) could not be established. Node may not be available.
2026-08-11T13:34:26.657+05:30  INFO 11552 --- [ytrep] [kafka-producer-network-thread | ytrep-producer-1] org.apache.kafka.clients.NetworkClient   : [Producer clientId=ytrep-producer-1] Node 1 disconnected.
2026-08-11T13:34:26.658+05:30  WARN 11552 --- [ytrep] [kafka-producer-network-thread | ytrep-producer-1] org.apache.kafka.clients.NetworkClient   : [Producer clientId=ytrep-producer-1] Connection to node 1 (localhost/127.0.0.1:9092) could not be established. Node may not be available.
2026-08-11T13:34:26.720+05:30  INFO 11552 --- [ytrep] [org.springframework.kafka.KafkaListenerEndpointContainer#0-0-C-1] org.apache.kafka.clients.NetworkClient   : [Consumer clientId=consumer-video-processing-group-1, groupId=video-processing-group] Node 1 disconnected.
2026-08-11T13:34:26.720+05:30  WARN 11552 --- [ytrep] [org.springframework.kafka.KafkaListenerEndpointContainer#0-0-C-1] org.apache.kafka.clients.NetworkClient   : [Consumer clientId=consumer-video-processing-group-1, groupId=video-processing-group] Connection to node 1 (localhost/127.0.0.1:9092) could not be established. Node may not be available.
2026-08-11T13:34:27.518+05:30  INFO 11552 --- [ytrep] [kafka-coordinator-heartbeat-thread | video-processing-group] org.apache.kafka.clients.NetworkClient   : [Consumer clientId=consumer-video-processing-group-2, groupId=video-processing-group] Node 1 disconnected.
2026-08-11T13:34:27.518+05:30  WARN 11552 --- [ytrep] [kafka-coordinator-heartbeat-thread | video-processing-group] org.apache.kafka.clients.NetworkClient   : [Consumer clientId=consumer-video-processing-group-2, groupId=video-processing-group] Connection to node 1 (localhost/127.0.0.1:9092) could not be established. Node may not be available.
2026-08-11T13:34:27.518+05:30  INFO 11552 --- [ytrep] [kafka-coordinator-heartbeat-thread | video-processing-group] o.a.kafka.clients.FetchSessionHandler    : [Consumer clientId=consumer-video-processing-group-2, groupId=video-processing-group] Error sending fetch request (sessionId=117276416, epoch=INITIAL) to node 1:

org.apache.kafka.common.errors.DisconnectException

2026-08-11T13:34:27.600+05:30  INFO 11552 --- [ytrep] [kafka-coordinator-heartbeat-thread | video-processing-group] org.apache.kafka.clients.NetworkClient   : [Consumer clientId=consumer-video-processing-group-1, groupId=video-processing-group] Node 1 disconnected.
2026-08-11T13:34:27.600+05:30  WARN 11552 --- [ytrep] [kafka-coordinator-heartbeat-thread | video-processing-group] org.apache.kafka.clients.NetworkClient   : [Consumer clientId=consumer-video-processing-group-1, groupId=video-processing-group] Connection to node 1 (localhost/127.0.0.1:9092) could not be established. Node may not be available.
2026-08-11T13:34:27.600+05:30  INFO 11552 --- [ytrep] [kafka-coordinator-heartbeat-thread | video-processing-group] o.a.kafka.clients.FetchSessionHandler    : [Consumer clientId=consumer-video-processing-group-1, groupId=video-processing-group] Error sending fetch request (sessionId=321187081, epoch=INITIAL) to node 1:

org.apache.kafka.common.errors.DisconnectException

2026-08-11T13:34:27.659+05:30  INFO 11552 --- [ytrep] [kafka-producer-network-thread | ytrep-producer-1] org.apache.kafka.clients.NetworkClient   : [Producer clientId=ytrep-producer-1] Node 1 disconnected.
2026-08-11T13:34:27.659+05:30  WARN 11552 --- [ytrep] [kafka-producer-network-thread | ytrep-producer-1] org.apache.kafka.clients.NetworkClient   : [Producer clientId=ytrep-producer-1] Connection to node 1 (localhost/127.0.0.1:9092) could not be established. Node may not be available.
2026-08-11T13:34:28.549+05:30  INFO 11552 --- [ytrep] [org.springframework.kafka.KafkaListenerEndpointContainer#1-0-C-1] org.apache.kafka.clients.NetworkClient   : [Consumer clientId=consumer-video-processing-group-2, groupId=video-processing-group] Node 1 disconnected.
2026-08-11T13:34:28.549+05:30  WARN 11552 --- [ytrep] [org.springframework.kafka.KafkaListenerEndpointContainer#1-0-C-1] org.apache.kafka.clients.NetworkClient   : [Consumer clientId=consumer-video-processing-group-2, groupId=video-processing-group] Connection to node 1 (localhost/127.0.0.1:9092) could not be established. Node may not be available.
2026-08-11T13:34:28.627+05:30  INFO 11552 --- [ytrep] [org.springframework.kafka.KafkaListenerEndpointContainer#0-0-C-1] org.apache.kafka.clients.NetworkClient   : [Consumer clientId=consumer-video-processing-group-1, groupId=video-processing-group] Node 1 disconnected.
2026-08-11T13:34:28.627+05:30  WARN 11552 --- [ytrep] [org.springframework.kafka.KafkaListenerEndpointContainer#0-0-C-1] org.apache.kafka.clients.NetworkClient   : [Consumer clientId=consumer-video-processing-group-1, groupId=video-processing-group] Connection to node 1 (localhost/127.0.0.1:9092) could not be established. Node may not be available.
2026-08-11T13:34:28.660+05:30  INFO 11552 --- [ytrep] [kafka-producer-network-thread | ytrep-producer-1] org.apache.kafka.clients.NetworkClient   : [Producer clientId=ytrep-producer-1] Node 1 disconnected.
2026-08-11T13:34:28.661+05:30  WARN 11552 --- [ytrep] [kafka-producer-network-thread | ytrep-producer-1] org.apache.kafka.clients.NetworkClient   : [Producer clientId=ytrep-producer-1] Connection to node 1 (localhost/127.0.0.1:9092) could not be established. Node may not be available.
2026-08-11T13:34:29.585+05:30  INFO 11552 --- [ytrep] [org.springframework.kafka.KafkaListenerEndpointContainer#1-0-C-1] org.apache.kafka.clients.NetworkClient   : [Consumer clientId=consumer-video-processing-group-2, groupId=video-processing-group] Node 1 disconnected.
2026-08-11T13:34:29.585+05:30  WARN 11552 --- [ytrep] [org.springframework.kafka.KafkaListenerEndpointContainer#1-0-C-1] org.apache.kafka.clients.NetworkClient   : [Consumer clientId=consumer-video-processing-group-2, groupId=video-processing-group] Connection to node 1 (localhost/127.0.0.1:9092) could not be established. Node may not be available.
2026-08-11T13:34:29.646+05:30  INFO 11552 --- [ytrep] [org.springframework.kafka.KafkaListenerEndpointContainer#0-0-C-1] org.apache.kafka.clients.NetworkClient   : [Consumer clientId=consumer-video-processing-group-1, groupId=video-processing-group] Node 1 disconnected.
2026-08-11T13:34:29.646+05:30  WARN 11552 --- [ytrep] [org.springframework.kafka.KafkaListenerEndpointContainer#0-0-C-1] org.apache.kafka.clients.NetworkClient   : [Consumer clientId=consumer-video-processing-group-1, groupId=video-processing-group] Connection to node 1 (localhost/127.0.0.1:9092) could not be established. Node may not be available.
2026-08-11T13:34:29.681+05:30  INFO 11552 --- [ytrep] [kafka-producer-network-thread | ytrep-producer-1] org.apache.kafka.clients.NetworkClient   : [Producer clientId=ytrep-producer-1] Node 1 disconnected.
2026-08-11T13:34:29.681+05:30  WARN 11552 --- [ytrep] [kafka-producer-network-thread | ytrep-producer-1] org.apache.kafka.clients.NetworkClient   : [Producer clientId=ytrep-producer-1] Connection to node 1 (localhost/127.0.0.1:9092) could not be established. Node may not be available.
2026-08-11T13:34:30.534+05:30  INFO 11552 --- [ytrep] [org.springframework.kafka.KafkaListenerEndpointContainer#1-0-C-1] org.apache.kafka.clients.NetworkClient   : [Consumer clientId=consumer-video-processing-group-2, groupId=video-processing-group] Node 1 disconnected.
2026-08-11T13:34:30.534+05:30  WARN 11552 --- [ytrep] [org.springframework.kafka.KafkaListenerEndpointContainer#1-0-C-1] org.apache.kafka.clients.NetworkClient   : [Consumer clientId=consumer-video-processing-group-2, groupId=video-processing-group] Connection to node 1 (localhost/127.0.0.1:9092) could not be established. Node may not be available.
2026-08-11T13:34:30.678+05:30  INFO 11552 --- [ytrep] [org.springframework.kafka.KafkaListenerEndpointContainer#0-0-C-1] org.apache.kafka.clients.NetworkClient   : [Consumer clientId=consumer-video-processing-group-1, groupId=video-processing-group] Node 1 disconnected.
2026-08-11T13:34:30.679+05:30  WARN 11552 --- [ytrep] [org.springframework.kafka.KafkaListenerEndpointContainer#0-0-C-1] org.apache.kafka.clients.NetworkClient   : [Consumer clientId=consumer-video-processing-group-1, groupId=video-processing-group] Connection to node 1 (localhost/127.0.0.1:9092) could not be established. Node may not be available.
2026-08-11T13:34:30.692+05:30  INFO 11552 --- [ytrep] [kafka-producer-network-thread | ytrep-producer-1] org.apache.kafka.clients.NetworkClient   : [Producer clientId=ytrep-producer-1] Node 1 disconnected.
2026-08-11T13:34:30.692+05:30  WARN 11552 --- [ytrep] [kafka-producer-network-thread | ytrep-producer-1] org.apache.kafka.clients.NetworkClient   : [Producer clientId=ytrep-producer-1] Connection to node 1 (localhost/127.0.0.1:9092) could not be established. Node may not be available.
2026-08-11T13:34:31.415+05:30  INFO 11552 --- [ytrep] [org.springframework.kafka.KafkaListenerEndpointContainer#1-0-C-1] org.apache.kafka.clients.NetworkClient   : [Consumer clientId=consumer-video-processing-group-2, groupId=video-processing-group] Node 1 disconnected.
2026-08-11T13:34:31.415+05:30  WARN 11552 --- [ytrep] [org.springframework.kafka.KafkaListenerEndpointContainer#1-0-C-1] org.apache.kafka.clients.NetworkClient   : [Consumer clientId=consumer-video-processing-group-2, groupId=video-processing-group] Connection to node 1 (localhost/127.0.0.1:9092) could not be established. Node may not be available.
2026-08-11T13:34:31.601+05:30  INFO 11552 --- [ytrep] [org.springframework.kafka.KafkaListenerEndpointContainer#0-0-C-1] org.apache.kafka.clients.NetworkClient   : [Consumer clientId=consumer-video-processing-group-1, groupId=video-processing-group] Node 1 disconnected.
2026-08-11T13:34:31.601+05:30  WARN 11552 --- [ytrep] [org.springframework.kafka.KafkaListenerEndpointContainer#0-0-C-1] org.apache.kafka.clients.NetworkClient   : [Consumer clientId=consumer-video-processing-group-1, groupId=video-processing-group] Connection to node 1 (localhost/127.0.0.1:9092) could not be established. Node may not be available.
2026-08-11T13:34:31.695+05:30  INFO 11552 --- [ytrep] [kafka-producer-network-thread | ytrep-producer-1] org.apache.kafka.clients.NetworkClient   : [Producer clientId=ytrep-producer-1] Node 1 disconnected.
2026-08-11T13:34:31.696+05:30  WARN 11552 --- [ytrep] [kafka-producer-network-thread | ytrep-producer-1] org.apache.kafka.clients.NetworkClient   : [Producer clientId=ytrep-producer-1] Connection to node 1 (localhost/127.0.0.1:9092) could not be established. Node may not be available.
2026-08-11T13:34:32.321+05:30  INFO 11552 --- [ytrep] [org.springframework.kafka.KafkaListenerEndpointContainer#1-0-C-1] org.apache.kafka.clients.NetworkClient   : [Consumer clientId=consumer-video-processing-group-2, groupId=video-processing-group] Node 1 disconnected.
2026-08-11T13:34:32.321+05:30  WARN 11552 --- [ytrep] [org.springframework.kafka.KafkaListenerEndpointContainer#1-0-C-1] org.apache.kafka.clients.NetworkClient   : [Consumer clientId=consumer-video-processing-group-2, groupId=video-processing-group] Connection to node 1 (localhost/127.0.0.1:9092) could not be established. Node may not be available.
2026-08-11T13:34:32.462+05:30  INFO 11552 --- [ytrep] [org.springframework.kafka.KafkaListenerEndpointContainer#0-0-C-1] org.apache.kafka.clients.NetworkClient   : [Consumer clientId=consumer-video-processing-group-1, groupId=video-processing-group] Node 1 disconnected.
2026-08-11T13:34:32.462+05:30  WARN 11552 --- [ytrep] [org.springframework.kafka.KafkaListenerEndpointContainer#0-0-C-1] org.apache.kafka.clients.NetworkClient   : [Consumer clientId=consumer-video-processing-group-1, groupId=video-processing-group] Connection to node 1 (localhost/127.0.0.1:9092) could not be established. Node may not be available.
2026-08-11T13:34:32.601+05:30  INFO 11552 --- [ytrep] [kafka-producer-network-thread | ytrep-producer-1] org.apache.kafka.clients.NetworkClient   : [Producer clientId=ytrep-producer-1] Node 1 disconnected.
2026-08-11T13:34:32.601+05:30  WARN 11552 --- [ytrep] [kafka-producer-network-thread | ytrep-producer-1] org.apache.kafka.clients.NetworkClient   : [Producer clientId=ytrep-producer-1] Connection to node 1 (localhost/127.0.0.1:9092) could not be established. Node may not be available.
2026-08-11T13:34:33.377+05:30  INFO 11552 --- [ytrep] [org.springframework.kafka.KafkaListenerEndpointContainer#1-0-C-1] org.apache.kafka.clients.NetworkClient   : [Consumer clientId=consumer-video-processing-group-2, groupId=video-processing-group] Node 1 disconnected.
2026-08-11T13:34:33.377+05:30  WARN 11552 --- [ytrep] [org.springframework.kafka.KafkaListenerEndpointContainer#1-0-C-1] org.apache.kafka.clients.NetworkClient   : [Consumer clientId=consumer-video-processing-group-2, groupId=video-processing-group] Connection to node 1 (localhost/127.0.0.1:9092) could not be established. Node may not be available.
2026-08-11T13:34:33.469+05:30  INFO 11552 --- [ytrep] [org.springframework.kafka.KafkaListenerEndpointContainer#0-0-C-1] org.apache.kafka.clients.NetworkClient   : [Consumer clientId=consumer-video-processing-group-1, groupId=video-processing-group] Node 1 disconnected.
2026-08-11T13:34:33.469+05:30  WARN 11552 --- [ytrep] [org.springframework.kafka.KafkaListenerEndpointContainer#0-0-C-1] org.apache.kafka.clients.NetworkClient   : [Consumer clientId=consumer-video-processing-group-1, groupId=video-processing-group] Connection to node 1 (localhost/127.0.0.1:9092) could not be established. Node may not be available.
2026-08-11T13:34:33.609+05:30  INFO 11552 --- [ytrep] [kafka-producer-network-thread | ytrep-producer-1] org.apache.kafka.clients.NetworkClient   : [Producer clientId=ytrep-producer-1] Node 1 disconnected.
2026-08-11T13:34:33.609+05:30  WARN 11552 --- [ytrep] [kafka-producer-network-thread | ytrep-producer-1] org.apache.kafka.clients.NetworkClient   : [Producer clientId=ytrep-producer-1] Connection to node 1 (localhost/127.0.0.1:9092) could not be established. Node may not be available.
2026-08-11T13:34:34.327+05:30  INFO 11552 --- [ytrep] [org.springframework.kafka.KafkaListenerEndpointContainer#1-0-C-1] org.apache.kafka.clients.NetworkClient   : [Consumer clientId=consumer-video-processing-group-2, groupId=video-processing-group] Node 1 disconnected.
2026-08-11T13:34:34.327+05:30  WARN 11552 --- [ytrep] [org.springframework.kafka.KafkaListenerEndpointContainer#1-0-C-1] org.apache.kafka.clients.NetworkClient   : [Consumer clientId=consumer-video-processing-group-2, groupId=video-processing-group] Connection to node 1 (localhost/127.0.0.1:9092) could not be established. Node may not be available.
2026-08-11T13:34:34.481+05:30  INFO 11552 --- [ytrep] [org.springframework.kafka.KafkaListenerEndpointContainer#0-0-C-1] org.apache.kafka.clients.NetworkClient   : [Consumer clientId=consumer-video-processing-group-1, groupId=video-processing-group] Node 1 disconnected.
2026-08-11T13:34:34.481+05:30  WARN 11552 --- [ytrep] [org.springframework.kafka.KafkaListenerEndpointContainer#0-0-C-1] org.apache.kafka.clients.NetworkClient   : [Consumer clientId=consumer-video-processing-group-1, groupId=video-processing-group] Connection to node 1 (localhost/127.0.0.1:9092) could not be established. Node may not be available.
2026-08-11T13:34:34.623+05:30  INFO 11552 --- [ytrep] [kafka-producer-network-thread | ytrep-producer-1] org.apache.kafka.clients.NetworkClient   : [Producer clientId=ytrep-producer-1] Node 1 disconnected.
2026-08-11T13:34:34.624+05:30  WARN 11552 --- [ytrep] [kafka-producer-network-thread | ytrep-producer-1] org.apache.kafka.clients.NetworkClient   : [Producer clientId=ytrep-producer-1] Connection to node 1 (localhost/127.0.0.1:9092) could not be established. Node may not be available.
2026-08-11T13:34:35.362+05:30  INFO 11552 --- [ytrep] [org.springframework.kafka.KafkaListenerEndpointContainer#1-0-C-1] org.apache.kafka.clients.NetworkClient   : [Consumer clientId=consumer-video-processing-group-2, groupId=video-processing-group] Node 1 disconnected.
2026-08-11T13:34:35.363+05:30  WARN 11552 --- [ytrep] [org.springframework.kafka.KafkaListenerEndpointContainer#1-0-C-1] org.apache.kafka.clients.NetworkClient   : [Consumer clientId=consumer-video-processing-group-2, groupId=video-processing-group] Connection to node 1 (localhost/127.0.0.1:9092) could not be established. Node may not be available.
2026-08-11T13:34:35.487+05:30  INFO 11552 --- [ytrep] [org.springframework.kafka.KafkaListenerEndpointContainer#0-0-C-1] org.apache.kafka.clients.NetworkClient   : [Consumer clientId=consumer-video-processing-group-1, groupId=video-processing-group] Node 1 disconnected.
2026-08-11T13:34:35.488+05:30  WARN 11552 --- [ytrep] [org.springframework.kafka.KafkaListenerEndpointContainer#0-0-C-1] org.apache.kafka.clients.NetworkClient   : [Consumer clientId=consumer-video-processing-group-1, groupId=video-processing-group] Connection to node 1 (localhost/127.0.0.1:9092) could not be established. Node may not be available.
2026-08-11T13:34:35.628+05:30  INFO 11552 --- [ytrep] [kafka-producer-network-thread | ytrep-producer-1] org.apache.kafka.clients.NetworkClient   : [Producer clientId=ytrep-producer-1] Node 1 disconnected.
2026-08-11T13:34:35.628+05:30  WARN 11552 --- [ytrep] [kafka-producer-network-thread | ytrep-producer-1] org.apache.kafka.clients.NetworkClient   : [Producer clientId=ytrep-producer-1] Connection to node 1 (localhost/127.0.0.1:9092) could not be established. Node may not be available.
2026-08-11T13:34:36.377+05:30  INFO 11552 --- [ytrep] [org.springframework.kafka.KafkaListenerEndpointContainer#1-0-C-1] org.apache.kafka.clients.NetworkClient   : [Consumer clientId=consumer-video-processing-group-2, groupId=video-processing-group] Node 1 disconnected.
2026-08-11T13:34:36.377+05:30  WARN 11552 --- [ytrep] [org.springframework.kafka.KafkaListenerEndpointContainer#1-0-C-1] org.apache.kafka.clients.NetworkClient   : [Consumer clientId=consumer-video-processing-group-2, groupId=video-processing-group] Connection to node 1 (localhost/127.0.0.1:9092) could not be established. Node may not be available.
2026-08-11T13:34:36.499+05:30  INFO 11552 --- [ytrep] [org.springframework.kafka.KafkaListenerEndpointContainer#0-0-C-1] org.apache.kafka.clients.NetworkClient   : [Consumer clientId=consumer-video-processing-group-1, groupId=video-processing-group] Node 1 disconnected.
2026-08-11T13:34:36.500+05:30  WARN 11552 --- [ytrep] [org.springframework.kafka.KafkaListenerEndpointContainer#0-0-C-1] org.apache.kafka.clients.NetworkClient   : [Consumer clientId=consumer-video-processing-group-1, groupId=video-processing-group] Connection to node 1 (localhost/127.0.0.1:9092) could not be established. Node may not be available.
2026-08-11T13:34:36.638+05:30  INFO 11552 --- [ytrep] [kafka-producer-network-thread | ytrep-producer-1] org.apache.kafka.clients.NetworkClient   : [Producer clientId=ytrep-producer-1] Node 1 disconnected.
2026-08-11T13:34:36.639+05:30  WARN 11552 --- [ytrep] [kafka-producer-network-thread | ytrep-producer-1] org.apache.kafka.clients.NetworkClient   : [Producer clientId=ytrep-producer-1] Connection to node 1 (localhost/127.0.0.1:9092) could not be established. Node may not be available.
2026-08-11T13:34:37.389+05:30  INFO 11552 --- [ytrep] [org.springframework.kafka.KafkaListenerEndpointContainer#1-0-C-1] org.apache.kafka.clients.NetworkClient   : [Consumer clientId=consumer-video-processing-group-2, groupId=video-processing-group] Node 1 disconnected.
2026-08-11T13:34:37.389+05:30  WARN 11552 --- [ytrep] [org.springframework.kafka.KafkaListenerEndpointContainer#1-0-C-1] org.apache.kafka.clients.NetworkClient   : [Consumer clientId=consumer-video-processing-group-2, groupId=video-processing-group] Connection to node 1 (localhost/127.0.0.1:9092) could not be established. Node may not be available.
2026-08-11T13:34:37.482+05:30  INFO 11552 --- [ytrep] [org.springframework.kafka.KafkaListenerEndpointContainer#0-0-C-1] org.apache.kafka.clients.NetworkClient   : [Consumer clientId=consumer-video-processing-group-1, groupId=video-processing-group] Node 1 disconnected.
2026-08-11T13:34:37.482+05:30  WARN 11552 --- [ytrep] [org.springframework.kafka.KafkaListenerEndpointContainer#0-0-C-1] org.apache.kafka.clients.NetworkClient   : [Consumer clientId=consumer-video-processing-group-1, groupId=video-processing-group] Connection to node 1 (localhost/127.0.0.1:9092) could not be established. Node may not be available.
2026-08-11T13:34:37.655+05:30  INFO 11552 --- [ytrep] [kafka-producer-network-thread | ytrep-producer-1] org.apache.kafka.clients.NetworkClient   : [Producer clientId=ytrep-producer-1] Node 1 disconnected.
2026-08-11T13:34:37.655+05:30  WARN 11552 --- [ytrep] [kafka-producer-network-thread | ytrep-producer-1] org.apache.kafka.clients.NetworkClient   : [Producer clientId=ytrep-producer-1] Connection to node 1 (localhost/127.0.0.1:9092) could not be established. Node may not be available.
2026-08-11T13:34:38.403+05:30  INFO 11552 --- [ytrep] [org.springframework.kafka.KafkaListenerEndpointContainer#1-0-C-1] org.apache.kafka.clients.NetworkClient   : [Consumer clientId=consumer-video-processing-group-2, groupId=video-processing-group] Node 1 disconnected.
2026-08-11T13:34:38.404+05:30  WARN 11552 --- [ytrep] [org.springframework.kafka.KafkaListenerEndpointContainer#1-0-C-1] org.apache.kafka.clients.NetworkClient   : [Consumer clientId=consumer-video-processing-group-2, groupId=video-processing-group] Connection to node 1 (localhost/127.0.0.1:9092) could not be established. Node may not be available.
2026-08-11T13:34:38.499+05:30  INFO 11552 --- [ytrep] [org.springframework.kafka.KafkaListenerEndpointContainer#0-0-C-1] org.apache.kafka.clients.NetworkClient   : [Consumer clientId=consumer-video-processing-group-1, groupId=video-processing-group] Node 1 disconnected.
2026-08-11T13:34:38.500+05:30  WARN 11552 --- [ytrep] [org.springframework.kafka.KafkaListenerEndpointContainer#0-0-C-1] org.apache.kafka.clients.NetworkClient   : [Consumer clientId=consumer-video-processing-group-1, groupId=video-processing-group] Connection to node 1 (localhost/127.0.0.1:9092) could not be established. Node may not be available.
2026-08-11T13:34:38.592+05:30  INFO 11552 --- [ytrep] [kafka-producer-network-thread | ytrep-producer-1] org.apache.kafka.clients.NetworkClient   : [Producer clientId=ytrep-producer-1] Node 1 disconnected.
2026-08-11T13:34:38.593+05:30  WARN 11552 --- [ytrep] [kafka-producer-network-thread | ytrep-producer-1] org.apache.kafka.clients.NetworkClient   : [Producer clientId=ytrep-producer-1] Connection to node 1 (localhost/127.0.0.1:9092) could not be established. Node may not be available.
2026-08-11T13:34:39.406+05:30  INFO 11552 --- [ytrep] [org.springframework.kafka.KafkaListenerEndpointContainer#1-0-C-1] org.apache.kafka.clients.NetworkClient   : [Consumer clientId=consumer-video-processing-group-2, groupId=video-processing-group] Node 1 disconnected.
2026-08-11T13:34:39.406+05:30  WARN 11552 --- [ytrep] [org.springframework.kafka.KafkaListenerEndpointContainer#1-0-C-1] org.apache.kafka.clients.NetworkClient   : [Consumer clientId=consumer-video-processing-group-2, groupId=video-processing-group] Connection to node 1 (localhost/127.0.0.1:9092) could not be established. Node may not be available.
2026-08-11T13:34:39.547+05:30  INFO 11552 --- [ytrep] [org.springframework.kafka.KafkaListenerEndpointContainer#0-0-C-1] org.apache.kafka.clients.NetworkClient   : [Consumer clientId=consumer-video-processing-group-1, groupId=video-processing-group] Node 1 disconnected.
2026-08-11T13:34:39.548+05:30  WARN 11552 --- [ytrep] [org.springframework.kafka.KafkaListenerEndpointContainer#0-0-C-1] org.apache.kafka.clients.NetworkClient   : [Consumer clientId=consumer-video-processing-group-1, groupId=video-processing-group] Connection to node 1 (localhost/127.0.0.1:9092) could not be established. Node may not be available.
2026-08-11T13:34:39.594+05:30  INFO 11552 --- [ytrep] [kafka-producer-network-thread | ytrep-producer-1] org.apache.kafka.clients.NetworkClient   : [Producer clientId=ytrep-producer-1] Node 1 disconnected.
2026-08-11T13:34:39.594+05:30  WARN 11552 --- [ytrep] [kafka-producer-network-thread | ytrep-producer-1] org.apache.kafka.clients.NetworkClient   : [Producer clientId=ytrep-producer-1] Connection to node 1 (localhost/127.0.0.1:9092) could not be established. Node may not be available.
2026-08-11T13:34:39.632+05:30  INFO 11552 --- [ytrep] [lettuce-eventExecutorLoop-1-3] i.l.core.protocol.ConnectionWatchdog     : Reconnecting, last destination was localhost/<unresolved>:6379
2026-08-11T13:34:39.634+05:30  WARN 11552 --- [ytrep] [lettuce-nioEventLoop-4-5] i.l.core.protocol.ConnectionWatchdog     : Cannot reconnect to [localhost/<unresolved>:6379]: Connection refused: getsockopt: localhost/127.0.0.1:6379
2026-08-11T13:34:40.421+05:30  INFO 11552 --- [ytrep] [org.springframework.kafka.KafkaListenerEndpointContainer#1-0-C-1] org.apache.kafka.clients.NetworkClient   : [Consumer clientId=consumer-video-processing-group-2, groupId=video-processing-group] Node 1 disconnected.
2026-08-11T13:34:40.422+05:30  WARN 11552 --- [ytrep] [org.springframework.kafka.KafkaListenerEndpointContainer#1-0-C-1] org.apache.kafka.clients.NetworkClient   : [Consumer clientId=consumer-video-processing-group-2, groupId=video-processing-group] Connection to node 1 (localhost/127.0.0.1:9092) could not be established. Node may not be available.
2026-08-11T13:34:40.579+05:30  INFO 11552 --- [ytrep] [org.springframework.kafka.KafkaListenerEndpointContainer#0-0-C-1] org.apache.kafka.clients.NetworkClient   : [Consumer clientId=consumer-video-processing-group-1, groupId=video-processing-group] Node 1 disconnected.
2026-08-11T13:34:40.580+05:30  WARN 11552 --- [ytrep] [org.springframework.kafka.KafkaListenerEndpointContainer#0-0-C-1] org.apache.kafka.clients.NetworkClient   : [Consumer clientId=consumer-video-processing-group-1, groupId=video-processing-group] Connection to node 1 (localhost/127.0.0.1:9092) could not be established. Node may not be available.
2026-08-11T13:34:40.595+05:30  INFO 11552 --- [ytrep] [kafka-producer-network-thread | ytrep-producer-1] org.apache.kafka.clients.NetworkClient   : [Producer clientId=ytrep-producer-1] Node 1 disconnected.
2026-08-11T13:34:40.596+05:30  WARN 11552 --- [ytrep] [kafka-producer-network-thread | ytrep-producer-1] org.apache.kafka.clients.NetworkClient   : [Producer clientId=ytrep-producer-1] Connection to node 1 (localhost/127.0.0.1:9092) could not be established. Node may not be available.
2026-08-11T13:34:41.427+05:30  INFO 11552 --- [ytrep] [org.springframework.kafka.KafkaListenerEndpointContainer#1-0-C-1] org.apache.kafka.clients.NetworkClient   : [Consumer clientId=consumer-video-processing-group-2, groupId=video-processing-group] Node 1 disconnected.
2026-08-11T13:34:41.427+05:30  WARN 11552 --- [ytrep] [org.springframework.kafka.KafkaListenerEndpointContainer#1-0-C-1] org.apache.kafka.clients.NetworkClient   : [Consumer clientId=consumer-video-processing-group-2, groupId=video-processing-group] Connection to node 1 (localhost/127.0.0.1:9092) could not be established. Node may not be available.
2026-08-11T13:34:41.584+05:30  INFO 11552 --- [ytrep] [org.springframework.kafka.KafkaListenerEndpointContainer#0-0-C-1] org.apache.kafka.clients.NetworkClient   : [Consumer clientId=consumer-video-processing-group-1, groupId=video-processing-group] Node 1 disconnected.
2026-08-11T13:34:41.584+05:30  WARN 11552 --- [ytrep] [org.springframework.kafka.KafkaListenerEndpointContainer#0-0-C-1] org.apache.kafka.clients.NetworkClient   : [Consumer clientId=consumer-video-processing-group-1, groupId=video-processing-group] Connection to node 1 (localhost/127.0.0.1:9092) could not be established. Node may not be available.
2026-08-11T13:34:41.699+05:30  INFO 11552 --- [ytrep] [kafka-producer-network-thread | ytrep-producer-1] org.apache.kafka.clients.NetworkClient   : [Producer clientId=ytrep-producer-1] Node 1 disconnected.
2026-08-11T13:34:41.699+05:30  WARN 11552 --- [ytrep] [kafka-producer-network-thread | ytrep-producer-1] org.apache.kafka.clients.NetworkClient   : [Producer clientId=ytrep-producer-1] Connection to node 1 (localhost/127.0.0.1:9092) could not be established. Node may not be available.
2026-08-11T13:34:42.396+05:30  INFO 11552 --- [ytrep] [org.springframework.kafka.KafkaListenerEndpointContainer#1-0-C-1] org.apache.kafka.clients.NetworkClient   : [Consumer clientId=consumer-video-processing-group-2, groupId=video-processing-group] Node 1 disconnected.
2026-08-11T13:34:42.397+05:30  WARN 11552 --- [ytrep] [org.springframework.kafka.KafkaListenerEndpointContainer#1-0-C-1] org.apache.kafka.clients.NetworkClient   : [Consumer clientId=consumer-video-processing-group-2, groupId=video-processing-group] Connection to node 1 (localhost/127.0.0.1:9092) could not be established. Node may not be available.
2026-08-11T13:34:42.551+05:30  INFO 11552 --- [ytrep] [org.springframework.kafka.KafkaListenerEndpointContainer#0-0-C-1] org.apache.kafka.clients.NetworkClient   : [Consumer clientId=consumer-video-processing-group-1, groupId=video-processing-group] Node 1 disconnected.
2026-08-11T13:34:42.552+05:30  WARN 11552 --- [ytrep] [org.springframework.kafka.KafkaListenerEndpointContainer#0-0-C-1] org.apache.kafka.clients.NetworkClient   : [Consumer clientId=consumer-video-processing-group-1, groupId=video-processing-group] Connection to node 1 (localhost/127.0.0.1:9092) could not be established. Node may not be available.
2026-08-11T13:34:42.702+05:30  INFO 11552 --- [ytrep] [kafka-producer-network-thread | ytrep-producer-1] org.apache.kafka.clients.NetworkClient   : [Producer clientId=ytrep-producer-1] Node 1 disconnected.
2026-08-11T13:34:42.702+05:30  WARN 11552 --- [ytrep] [kafka-producer-network-thread | ytrep-producer-1] org.apache.kafka.clients.NetworkClient   : [Producer clientId=ytrep-producer-1] Connection to node 1 (localhost/127.0.0.1:9092) could not be established. Node may not be available.
2026-08-11T13:34:43.319+05:30  INFO 11552 --- [ytrep] [org.springframework.kafka.KafkaListenerEndpointContainer#1-0-C-1] org.apache.kafka.clients.NetworkClient   : [Consumer clientId=consumer-video-processing-group-2, groupId=video-processing-group] Node 1 disconnected.
2026-08-11T13:34:43.320+05:30  WARN 11552 --- [ytrep] [org.springframework.kafka.KafkaListenerEndpointContainer#1-0-C-1] org.apache.kafka.clients.NetworkClient   : [Consumer clientId=consumer-video-processing-group-2, groupId=video-processing-group] Connection to node 1 (localhost/127.0.0.1:9092) could not be established. Node may not be available.
2026-08-11T13:34:43.616+05:30  INFO 11552 --- [ytrep] [org.springframework.kafka.KafkaListenerEndpointContainer#0-0-C-1] org.apache.kafka.clients.NetworkClient   : [Consumer clientId=consumer-video-processing-group-1, groupId=video-processing-group] Node 1 disconnected.
2026-08-11T13:34:43.617+05:30  WARN 11552 --- [ytrep] [org.springframework.kafka.KafkaListenerEndpointContainer#0-0-C-1] org.apache.kafka.clients.NetworkClient   : [Consumer clientId=consumer-video-processing-group-1, groupId=video-processing-group] Connection to node 1 (localhost/127.0.0.1:9092) could not be established. Node may not be available.
2026-08-11T13:34:43.712+05:30  INFO 11552 --- [ytrep] [kafka-producer-network-thread | ytrep-producer-1] org.apache.kafka.clients.NetworkClient   : [Producer clientId=ytrep-producer-1] Node 1 disconnected.
2026-08-11T13:34:43.713+05:30  WARN 11552 --- [ytrep] [kafka-producer-network-thread | ytrep-producer-1] org.apache.kafka.clients.NetworkClient   : [Producer clientId=ytrep-producer-1] Connection to node 1 (localhost/127.0.0.1:9092) could not be established. Node may not be available.
2026-08-11T13:34:44.324+05:30  INFO 11552 --- [ytrep] [org.springframework.kafka.KafkaListenerEndpointContainer#1-0-C-1] org.apache.kafka.clients.NetworkClient   : [Consumer clientId=consumer-video-processing-group-2, groupId=video-processing-group] Node 1 disconnected.
2026-08-11T13:34:44.325+05:30  WARN 11552 --- [ytrep] [org.springframework.kafka.KafkaListenerEndpointContainer#1-0-C-1] org.apache.kafka.clients.NetworkClient   : [Consumer clientId=consumer-video-processing-group-2, groupId=video-processing-group] Connection to node 1 (localhost/127.0.0.1:9092) could not be established. Node may not be available.
2026-08-11T13:34:44.624+05:30  INFO 11552 --- [ytrep] [org.springframework.kafka.KafkaListenerEndpointContainer#0-0-C-1] org.apache.kafka.clients.NetworkClient   : [Consumer clientId=consumer-video-processing-group-1, groupId=video-processing-group] Node 1 disconnected.
2026-08-11T13:34:44.624+05:30  WARN 11552 --- [ytrep] [org.springframework.kafka.KafkaListenerEndpointContainer#0-0-C-1] org.apache.kafka.clients.NetworkClient   : [Consumer clientId=consumer-video-processing-group-1, groupId=video-processing-group] Connection to node 1 (localhost/127.0.0.1:9092) could not be established. Node may not be available.
2026-08-11T13:34:44.715+05:30  INFO 11552 --- [ytrep] [kafka-producer-network-thread | ytrep-producer-1] org.apache.kafka.clients.NetworkClient   : [Producer clientId=ytrep-producer-1] Node 1 disconnected.
2026-08-11T13:34:44.717+05:30  WARN 11552 --- [ytrep] [kafka-producer-network-thread | ytrep-producer-1] org.apache.kafka.clients.NetworkClient   : [Producer clientId=ytrep-producer-1] Connection to node 1 (localhost/127.0.0.1:9092) could not be established. Node may not be available.
2026-08-11T13:34:45.338+05:30  INFO 11552 --- [ytrep] [org.springframework.kafka.KafkaListenerEndpointContainer#1-0-C-1] org.apache.kafka.clients.NetworkClient   : [Consumer clientId=consumer-video-processing-group-2, groupId=video-processing-group] Node 1 disconnected.
2026-08-11T13:34:45.339+05:30  WARN 11552 --- [ytrep] [org.springframework.kafka.KafkaListenerEndpointContainer#1-0-C-1] org.apache.kafka.clients.NetworkClient   : [Consumer clientId=consumer-video-processing-group-2, groupId=video-processing-group] Connection to node 1 (localhost/127.0.0.1:9092) could not be established. Node may not be available.
2026-08-11T13:34:45.636+05:30  INFO 11552 --- [ytrep] [org.springframework.kafka.KafkaListenerEndpointContainer#0-0-C-1] org.apache.kafka.clients.NetworkClient   : [Consumer clientId=consumer-video-processing-group-1, groupId=video-processing-group] Node 1 disconnected.
2026-08-11T13:34:45.637+05:30  WARN 11552 --- [ytrep] [org.springframework.kafka.KafkaListenerEndpointContainer#0-0-C-1] org.apache.kafka.clients.NetworkClient   : [Consumer clientId=consumer-video-processing-group-1, groupId=video-processing-group] Connection to node 1 (localhost/127.0.0.1:9092) could not be established. Node may not be available.
2026-08-11T13:34:45.667+05:30  INFO 11552 --- [ytrep] [kafka-producer-network-thread | ytrep-producer-1] org.apache.kafka.clients.NetworkClient   : [Producer clientId=ytrep-producer-1] Node 1 disconnected.
2026-08-11T13:34:45.667+05:30  WARN 11552 --- [ytrep] [kafka-producer-network-thread | ytrep-producer-1] org.apache.kafka.clients.NetworkClient   : [Producer clientId=ytrep-producer-1] Connection to node 1 (localhost/127.0.0.1:9092) could not be established. Node may not be available.
2026-08-11T13:34:46.352+05:30  INFO 11552 --- [ytrep] [org.springframework.kafka.KafkaListenerEndpointContainer#1-0-C-1] org.apache.kafka.clients.NetworkClient   : [Consumer clientId=consumer-video-processing-group-2, groupId=video-processing-group] Node 1 disconnected.
2026-08-11T13:34:46.353+05:30  WARN 11552 --- [ytrep] [org.springframework.kafka.KafkaListenerEndpointContainer#1-0-C-1] org.apache.kafka.clients.NetworkClient   : [Consumer clientId=consumer-video-processing-group-2, groupId=video-processing-group] Connection to node 1 (localhost/127.0.0.1:9092) could not be established. Node may not be available.
2026-08-11T13:34:46.633+05:30  INFO 11552 --- [ytrep] [kafka-producer-network-thread | ytrep-producer-1] org.apache.kafka.clients.NetworkClient   : [Producer clientId=ytrep-producer-1] Node 1 disconnected.
2026-08-11T13:34:46.633+05:30  WARN 11552 --- [ytrep] [kafka-producer-network-thread | ytrep-producer-1] org.apache.kafka.clients.NetworkClient   : [Producer clientId=ytrep-producer-1] Connection to node 1 (localhost/127.0.0.1:9092) could not be established. Node may not be available.
2026-08-11T13:34:46.650+05:30  INFO 11552 --- [ytrep] [org.springframework.kafka.KafkaListenerEndpointContainer#0-0-C-1] org.apache.kafka.clients.NetworkClient   : [Consumer clientId=consumer-video-processing-group-1, groupId=video-processing-group] Node 1 disconnected.
2026-08-11T13:34:46.651+05:30  WARN 11552 --- [ytrep] [org.springframework.kafka.KafkaListenerEndpointContainer#0-0-C-1] org.apache.kafka.clients.NetworkClient   : [Consumer clientId=consumer-video-processing-group-1, groupId=video-processing-group] Connection to node 1 (localhost/127.0.0.1:9092) could not be established. Node may not be available.
2026-08-11T13:34:47.278+05:30  INFO 11552 --- [ytrep] [org.springframework.kafka.KafkaListenerEndpointContainer#1-0-C-1] org.apache.kafka.clients.NetworkClient   : [Consumer clientId=consumer-video-processing-group-2, groupId=video-processing-group] Node 1 disconnected.
2026-08-11T13:34:47.278+05:30  WARN 11552 --- [ytrep] [org.springframework.kafka.KafkaListenerEndpointContainer#1-0-C-1] org.apache.kafka.clients.NetworkClient   : [Consumer clientId=consumer-video-processing-group-2, groupId=video-processing-group] Connection to node 1 (localhost/127.0.0.1:9092) could not be established. Node may not be available.
2026-08-11T13:34:47.635+05:30  INFO 11552 --- [ytrep] [kafka-producer-network-thread | ytrep-producer-1] org.apache.kafka.clients.NetworkClient   : [Producer clientId=ytrep-producer-1] Node 1 disconnected.
2026-08-11T13:34:47.636+05:30  WARN 11552 --- [ytrep] [kafka-producer-network-thread | ytrep-producer-1] org.apache.kafka.clients.NetworkClient   : [Producer clientId=ytrep-producer-1] Connection to node 1 (localhost/127.0.0.1:9092) could not be established. Node may not be available.
2026-08-11T13:34:47.722+05:30  INFO 11552 --- [ytrep] [org.springframework.kafka.KafkaListenerEndpointContainer#0-0-C-1] org.apache.kafka.clients.NetworkClient   : [Consumer clientId=consumer-video-processing-group-1, groupId=video-processing-group] Node 1 disconnected.
2026-08-11T13:34:47.722+05:30  WARN 11552 --- [ytrep] [org.springframework.kafka.KafkaListenerEndpointContainer#0-0-C-1] org.apache.kafka.clients.NetworkClient   : [Consumer clientId=consumer-video-processing-group-1, groupId=video-processing-group] Connection to node 1 (localhost/127.0.0.1:9092) could not be established. Node may not be available.
2026-08-11T13:34:48.277+05:30  INFO 11552 --- [ytrep] [org.springframework.kafka.KafkaListenerEndpointContainer#1-0-C-1] org.apache.kafka.clients.NetworkClient   : [Consumer clientId=consumer-video-processing-group-2, groupId=video-processing-group] Node 1 disconnected.
2026-08-11T13:34:48.278+05:30  WARN 11552 --- [ytrep] [org.springframework.kafka.KafkaListenerEndpointContainer#1-0-C-1] org.apache.kafka.clients.NetworkClient   : [Consumer clientId=consumer-video-processing-group-2, groupId=video-processing-group] Connection to node 1 (localhost/127.0.0.1:9092) could not be established. Node may not be available.
2026-08-11T13:34:48.637+05:30  INFO 11552 --- [ytrep] [kafka-producer-network-thread | ytrep-producer-1] org.apache.kafka.clients.NetworkClient   : [Producer clientId=ytrep-producer-1] Node 1 disconnected.
2026-08-11T13:34:48.637+05:30  WARN 11552 --- [ytrep] [kafka-producer-network-thread | ytrep-producer-1] org.apache.kafka.clients.NetworkClient   : [Producer clientId=ytrep-producer-1] Connection to node 1 (localhost/127.0.0.1:9092) could not be established. Node may not be available.
2026-08-11T13:34:48.775+05:30  INFO 11552 --- [ytrep] [org.springframework.kafka.KafkaListenerEndpointContainer#0-0-C-1] org.apache.kafka.clients.NetworkClient   : [Consumer clientId=consumer-video-processing-group-1, groupId=video-processing-group] Node 1 disconnected.
2026-08-11T13:34:48.775+05:30  WARN 11552 --- [ytrep] [org.springframework.kafka.KafkaListenerEndpointContainer#0-0-C-1] org.apache.kafka.clients.NetworkClient   : [Consumer clientId=consumer-video-processing-group-1, groupId=video-processing-group] Connection to node 1 (localhost/127.0.0.1:9092) could not be established. Node may not be available.
2026-08-11T13:34:49.375+05:30  INFO 11552 --- [ytrep] [org.springframework.kafka.KafkaListenerEndpointContainer#1-0-C-1] org.apache.kafka.clients.NetworkClient   : [Consumer clientId=consumer-video-processing-group-2, groupId=video-processing-group] Node 1 disconnected.
2026-08-11T13:34:49.383+05:30  WARN 11552 --- [ytrep] [org.springframework.kafka.KafkaListenerEndpointContainer#1-0-C-1] org.apache.kafka.clients.NetworkClient   : [Consumer clientId=consumer-video-processing-group-2, groupId=video-processing-group] Connection to node 1 (localhost/127.0.0.1:9092) could not be established. Node may not be available.
2026-08-11T13:34:49.646+05:30  INFO 11552 --- [ytrep] [kafka-producer-network-thread | ytrep-producer-1] org.apache.kafka.clients.NetworkClient   : [Producer clientId=ytrep-producer-1] Node 1 disconnected.
2026-08-11T13:34:49.647+05:30  WARN 11552 --- [ytrep] [kafka-producer-network-thread | ytrep-producer-1] org.apache.kafka.clients.NetworkClient   : [Producer clientId=ytrep-producer-1] Connection to node 1 (localhost/127.0.0.1:9092) could not be established. Node may not be available.
2026-08-11T13:34:49.788+05:30  INFO 11552 --- [ytrep] [org.springframework.kafka.KafkaListenerEndpointContainer#0-0-C-1] org.apache.kafka.clients.NetworkClient   : [Consumer clientId=consumer-video-processing-group-1, groupId=video-processing-group] Node 1 disconnected.
2026-08-11T13:34:49.789+05:30  WARN 11552 --- [ytrep] [org.springframework.kafka.KafkaListenerEndpointContainer#0-0-C-1] org.apache.kafka.clients.NetworkClient   : [Consumer clientId=consumer-video-processing-group-1, groupId=video-processing-group] Connection to node 1 (localhost/127.0.0.1:9092) could not be established. Node may not be available.
2026-08-11T13:34:50.413+05:30  INFO 11552 --- [ytrep] [org.springframework.kafka.KafkaListenerEndpointContainer#1-0-C-1] org.apache.kafka.clients.NetworkClient   : [Consumer clientId=consumer-video-processing-group-2, groupId=video-processing-group] Node 1 disconnected.
2026-08-11T13:34:50.413+05:30  WARN 11552 --- [ytrep] [org.springframework.kafka.KafkaListenerEndpointContainer#1-0-C-1] org.apache.kafka.clients.NetworkClient   : [Consumer clientId=consumer-video-processing-group-2, groupId=video-processing-group] Connection to node 1 (localhost/127.0.0.1:9092) could not be established. Node may not be available.
2026-08-11T13:34:50.660+05:30  INFO 11552 --- [ytrep] [kafka-producer-network-thread | ytrep-producer-1] org.apache.kafka.clients.NetworkClient   : [Producer clientId=ytrep-producer-1] Node 1 disconnected.
2026-08-11T13:34:50.660+05:30  WARN 11552 --- [ytrep] [kafka-producer-network-thread | ytrep-producer-1] org.apache.kafka.clients.NetworkClient   : [Producer clientId=ytrep-producer-1] Connection to node 1 (localhost/127.0.0.1:9092) could not be established. Node may not be available.
2026-08-11T13:34:50.800+05:30  INFO 11552 --- [ytrep] [org.springframework.kafka.KafkaListenerEndpointContainer#0-0-C-1] org.apache.kafka.clients.NetworkClient   : [Consumer clientId=consumer-video-processing-group-1, groupId=video-processing-group] Node 1 disconnected.
2026-08-11T13:34:50.800+05:30  WARN 11552 --- [ytrep] [org.springframework.kafka.KafkaListenerEndpointContainer#0-0-C-1] org.apache.kafka.clients.NetworkClient   : [Consumer clientId=consumer-video-processing-group-1, groupId=video-processing-group] Connection to node 1 (localhost/127.0.0.1:9092) could not be established. Node may not be available.
2026-08-11T13:34:51.457+05:30  INFO 11552 --- [ytrep] [org.springframework.kafka.KafkaListenerEndpointContainer#1-0-C-1] org.apache.kafka.clients.NetworkClient   : [Consumer clientId=consumer-video-processing-group-2, groupId=video-processing-group] Node 1 disconnected.
2026-08-11T13:34:51.457+05:30  WARN 11552 --- [ytrep] [org.springframework.kafka.KafkaListenerEndpointContainer#1-0-C-1] org.apache.kafka.clients.NetworkClient   : [Consumer clientId=consumer-video-processing-group-2, groupId=video-processing-group] Connection to node 1 (localhost/127.0.0.1:9092) could not be established. Node may not be available.
2026-08-11T13:34:51.680+05:30  INFO 11552 --- [ytrep] [kafka-producer-network-thread | ytrep-producer-1] org.apache.kafka.clients.NetworkClient   : [Producer clientId=ytrep-producer-1] Node 1 disconnected.
2026-08-11T13:34:51.680+05:30  WARN 11552 --- [ytrep] [kafka-producer-network-thread | ytrep-producer-1] org.apache.kafka.clients.NetworkClient   : [Producer clientId=ytrep-producer-1] Connection to node 1 (localhost/127.0.0.1:9092) could not be established. Node may not be available.
2026-08-11T13:34:51.835+05:30  INFO 11552 --- [ytrep] [org.springframework.kafka.KafkaListenerEndpointContainer#0-0-C-1] org.apache.kafka.clients.NetworkClient   : [Consumer clientId=consumer-video-processing-group-1, groupId=video-processing-group] Node 1 disconnected.
2026-08-11T13:34:51.835+05:30  WARN 11552 --- [ytrep] [org.springframework.kafka.KafkaListenerEndpointContainer#0-0-C-1] org.apache.kafka.clients.NetworkClient   : [Consumer clientId=consumer-video-processing-group-1, groupId=video-processing-group] Connection to node 1 (localhost/127.0.0.1:9092) could not be established. Node may not be available.
2026-08-11T13:34:52.460+05:30  INFO 11552 --- [ytrep] [org.springframework.kafka.KafkaListenerEndpointContainer#1-0-C-1] org.apache.kafka.clients.NetworkClient   : [Consumer clientId=consumer-video-processing-group-2, groupId=video-processing-group] Node 1 disconnected.
2026-08-11T13:34:52.461+05:30  WARN 11552 --- [ytrep] [org.springframework.kafka.KafkaListenerEndpointContainer#1-0-C-1] org.apache.kafka.clients.NetworkClient   : [Consumer clientId=consumer-video-processing-group-2, groupId=video-processing-group] Connection to node 1 (localhost/127.0.0.1:9092) could not be established. Node may not be available.
2026-08-11T13:34:52.694+05:30  INFO 11552 --- [ytrep] [kafka-producer-network-thread | ytrep-producer-1] org.apache.kafka.clients.NetworkClient   : [Producer clientId=ytrep-producer-1] Node 1 disconnected.
2026-08-11T13:34:52.694+05:30  WARN 11552 --- [ytrep] [kafka-producer-network-thread | ytrep-producer-1] org.apache.kafka.clients.NetworkClient   : [Producer clientId=ytrep-producer-1] Connection to node 1 (localhost/127.0.0.1:9092) could not be established. Node may not be available.
2026-08-11T13:34:52.782+05:30  INFO 11552 --- [ytrep] [org.springframework.kafka.KafkaListenerEndpointContainer#0-0-C-1] org.apache.kafka.clients.NetworkClient   : [Consumer clientId=consumer-video-processing-group-1, groupId=video-processing-group] Node 1 disconnected.
2026-08-11T13:34:52.782+05:30  WARN 11552 --- [ytrep] [org.springframework.kafka.KafkaListenerEndpointContainer#0-0-C-1] org.apache.kafka.clients.NetworkClient   : [Consumer clientId=consumer-video-processing-group-1, groupId=video-processing-group] Connection to node 1 (localhost/127.0.0.1:9092) could not be established. Node may not be available.
2026-08-11T13:34:53.470+05:30  INFO 11552 --- [ytrep] [org.springframework.kafka.KafkaListenerEndpointContainer#1-0-C-1] org.apache.kafka.clients.NetworkClient   : [Consumer clientId=consumer-video-processing-group-2, groupId=video-processing-group] Node 1 disconnected.
2026-08-11T13:34:53.471+05:30  WARN 11552 --- [ytrep] [org.springframework.kafka.KafkaListenerEndpointContainer#1-0-C-1] org.apache.kafka.clients.NetworkClient   : [Consumer clientId=consumer-video-processing-group-2, groupId=video-processing-group] Connection to node 1 (localhost/127.0.0.1:9092) could not be established. Node may not be available.
2026-08-11T13:34:53.697+05:30  INFO 11552 --- [ytrep] [kafka-producer-network-thread | ytrep-producer-1] org.apache.kafka.clients.NetworkClient   : [Producer clientId=ytrep-producer-1] Node 1 disconnected.
2026-08-11T13:34:53.697+05:30  WARN 11552 --- [ytrep] [kafka-producer-network-thread | ytrep-producer-1] org.apache.kafka.clients.NetworkClient   : [Producer clientId=ytrep-producer-1] Connection to node 1 (localhost/127.0.0.1:9092) could not be established. Node may not be available.
2026-08-11T13:34:53.785+05:30  INFO 11552 --- [ytrep] [org.springframework.kafka.KafkaListenerEndpointContainer#0-0-C-1] org.apache.kafka.clients.NetworkClient   : [Consumer clientId=consumer-video-processing-group-1, groupId=video-processing-group] Node 1 disconnected.
2026-08-11T13:34:53.785+05:30  WARN 11552 --- [ytrep] [org.springframework.kafka.KafkaListenerEndpointContainer#0-0-C-1] org.apache.kafka.clients.NetworkClient   : [Consumer clientId=consumer-video-processing-group-1, groupId=video-processing-group] Connection to node 1 (localhost/127.0.0.1:9092) could not be established. Node may not be available.
2026-08-11T13:34:54.483+05:30  INFO 11552 --- [ytrep] [org.springframework.kafka.KafkaListenerEndpointContainer#1-0-C-1] org.apache.kafka.clients.NetworkClient   : [Consumer clientId=consumer-video-processing-group-2, groupId=video-processing-group] Node 1 disconnected.
2026-08-11T13:34:54.483+05:30  WARN 11552 --- [ytrep] [org.springframework.kafka.KafkaListenerEndpointContainer#1-0-C-1] org.apache.kafka.clients.NetworkClient   : [Consumer clientId=consumer-video-processing-group-2, groupId=video-processing-group] Connection to node 1 (localhost/127.0.0.1:9092) could not be established. Node may not be available.
2026-08-11T13:34:54.700+05:30  INFO 11552 --- [ytrep] [kafka-producer-network-thread | ytrep-producer-1] org.apache.kafka.clients.NetworkClient   : [Producer clientId=ytrep-producer-1] Node 1 disconnected.
2026-08-11T13:34:54.701+05:30  WARN 11552 --- [ytrep] [kafka-producer-network-thread | ytrep-producer-1] org.apache.kafka.clients.NetworkClient   : [Producer clientId=ytrep-producer-1] Connection to node 1 (localhost/127.0.0.1:9092) could not be established. Node may not be available.
2026-08-11T13:34:54.794+05:30  INFO 11552 --- [ytrep] [org.springframework.kafka.KafkaListenerEndpointContainer#0-0-C-1] org.apache.kafka.clients.NetworkClient   : [Consumer clientId=consumer-video-processing-group-1, groupId=video-processing-group] Node 1 disconnected.
2026-08-11T13:34:54.795+05:30  WARN 11552 --- [ytrep] [org.springframework.kafka.KafkaListenerEndpointContainer#0-0-C-1] org.apache.kafka.clients.NetworkClient   : [Consumer clientId=consumer-video-processing-group-1, groupId=video-processing-group] Connection to node 1 (localhost/127.0.0.1:9092) could not be established. Node may not be available.
2026-08-11T13:34:55.476+05:30  INFO 11552 --- [ytrep] [org.springframework.kafka.KafkaListenerEndpointContainer#1-0-C-1] org.apache.kafka.clients.NetworkClient   : [Consumer clientId=consumer-video-processing-group-2, groupId=video-processing-group] Node 1 disconnected.
2026-08-11T13:34:55.476+05:30  WARN 11552 --- [ytrep] [org.springframework.kafka.KafkaListenerEndpointContainer#1-0-C-1] org.apache.kafka.clients.NetworkClient   : [Consumer clientId=consumer-video-processing-group-2, groupId=video-processing-group] Connection to node 1 (localhost/127.0.0.1:9092) could not be established. Node may not be available.
2026-08-11T13:34:55.710+05:30  INFO 11552 --- [ytrep] [kafka-producer-network-thread | ytrep-producer-1] org.apache.kafka.clients.NetworkClient   : [Producer clientId=ytrep-producer-1] Node 1 disconnected.
2026-08-11T13:34:55.710+05:30  WARN 11552 --- [ytrep] [kafka-producer-network-thread | ytrep-producer-1] org.apache.kafka.clients.NetworkClient   : [Producer clientId=ytrep-producer-1] Connection to node 1 (localhost/127.0.0.1:9092) could not be established. Node may not be available.
2026-08-11T13:34:55.802+05:30  INFO 11552 --- [ytrep] [org.springframework.kafka.KafkaListenerEndpointContainer#0-0-C-1] org.apache.kafka.clients.NetworkClient   : [Consumer clientId=consumer-video-processing-group-1, groupId=video-processing-group] Node 1 disconnected.
2026-08-11T13:34:55.802+05:30  WARN 11552 --- [ytrep] [org.springframework.kafka.KafkaListenerEndpointContainer#0-0-C-1] org.apache.kafka.clients.NetworkClient   : [Consumer clientId=consumer-video-processing-group-1, groupId=video-processing-group] Connection to node 1 (localhost/127.0.0.1:9092) could not be established. Node may not be available.
2026-08-11T13:34:56.466+05:30  INFO 11552 --- [ytrep] [org.springframework.kafka.KafkaListenerEndpointContainer#1-0-C-1] org.apache.kafka.clients.NetworkClient   : [Consumer clientId=consumer-video-processing-group-2, groupId=video-processing-group] Node 1 disconnected.
2026-08-11T13:34:56.467+05:30  WARN 11552 --- [ytrep] [org.springframework.kafka.KafkaListenerEndpointContainer#1-0-C-1] org.apache.kafka.clients.NetworkClient   : [Consumer clientId=consumer-video-processing-group-2, groupId=video-processing-group] Connection to node 1 (localhost/127.0.0.1:9092) could not be established. Node may not be available.
2026-08-11T13:34:56.715+05:30  INFO 11552 --- [ytrep] [kafka-producer-network-thread | ytrep-producer-1] org.apache.kafka.clients.NetworkClient   : [Producer clientId=ytrep-producer-1] Node 1 disconnected.
2026-08-11T13:34:56.715+05:30  WARN 11552 --- [ytrep] [kafka-producer-network-thread | ytrep-producer-1] org.apache.kafka.clients.NetworkClient   : [Producer clientId=ytrep-producer-1] Connection to node 1 (localhost/127.0.0.1:9092) could not be established. Node may not be available.
2026-08-11T13:34:56.775+05:30  INFO 11552 --- [ytrep] [org.springframework.kafka.KafkaListenerEndpointContainer#0-0-C-1] org.apache.kafka.clients.NetworkClient   : [Consumer clientId=consumer-video-processing-group-1, groupId=video-processing-group] Node 1 disconnected.
2026-08-11T13:34:56.775+05:30  WARN 11552 --- [ytrep] [org.springframework.kafka.KafkaListenerEndpointContainer#0-0-C-1] org.apache.kafka.clients.NetworkClient   : [Consumer clientId=consumer-video-processing-group-1, groupId=video-processing-group] Connection to node 1 (localhost/127.0.0.1:9092) could not be established. Node may not be available.
2026-08-11T13:34:57.438+05:30  INFO 11552 --- [ytrep] [org.springframework.kafka.KafkaListenerEndpointContainer#1-0-C-1] org.apache.kafka.clients.NetworkClient   : [Consumer clientId=consumer-video-processing-group-2, groupId=video-processing-group] Node 1 disconnected.
2026-08-11T13:34:57.439+05:30  WARN 11552 --- [ytrep] [org.springframework.kafka.KafkaListenerEndpointContainer#1-0-C-1] org.apache.kafka.clients.NetworkClient   : [Consumer clientId=consumer-video-processing-group-2, groupId=video-processing-group] Connection to node 1 (localhost/127.0.0.1:9092) could not be established. Node may not be available.
2026-08-11T13:34:57.627+05:30  INFO 11552 --- [ytrep] [org.springframework.kafka.KafkaListenerEndpointContainer#0-0-C-1] org.apache.kafka.clients.NetworkClient   : [Consumer clientId=consumer-video-processing-group-1, groupId=video-processing-group] Node 1 disconnected.
2026-08-11T13:34:57.627+05:30  WARN 11552 --- [ytrep] [org.springframework.kafka.KafkaListenerEndpointContainer#0-0-C-1] org.apache.kafka.clients.NetworkClient   : [Consumer clientId=consumer-video-processing-group-1, groupId=video-processing-group] Connection to node 1 (localhost/127.0.0.1:9092) could not be established. Node may not be available.
2026-08-11T13:34:57.627+05:30  INFO 11552 --- [ytrep] [org.springframework.kafka.KafkaListenerEndpointContainer#0-0-C-1] o.a.kafka.clients.FetchSessionHandler    : [Consumer clientId=consumer-video-processing-group-1, groupId=video-processing-group] Error sending fetch request (sessionId=321187081, epoch=INITIAL) to node 1:

org.apache.kafka.common.errors.DisconnectException

2026-08-11T13:34:57.717+05:30  INFO 11552 --- [ytrep] [kafka-producer-network-thread | ytrep-producer-1] org.apache.kafka.clients.NetworkClient   : [Producer clientId=ytrep-producer-1] Node 1 disconnected.
2026-08-11T13:34:57.718+05:30  WARN 11552 --- [ytrep] [kafka-producer-network-thread | ytrep-producer-1] org.apache.kafka.clients.NetworkClient   : [Producer clientId=ytrep-producer-1] Connection to node 1 (localhost/127.0.0.1:9092) could not be established. Node may not be available.
2026-08-11T13:34:58.305+05:30  INFO 11552 --- [ytrep] [org.springframework.kafka.KafkaListenerEndpointContainer#1-0-C-1] org.apache.kafka.clients.NetworkClient   : [Consumer clientId=consumer-video-processing-group-2, groupId=video-processing-group] Node 1 disconnected.
2026-08-11T13:34:58.305+05:30  WARN 11552 --- [ytrep] [org.springframework.kafka.KafkaListenerEndpointContainer#1-0-C-1] org.apache.kafka.clients.NetworkClient   : [Consumer clientId=consumer-video-processing-group-2, groupId=video-processing-group] Connection to node 1 (localhost/127.0.0.1:9092) could not be established. Node may not be available.
2026-08-11T13:34:58.637+05:30  INFO 11552 --- [ytrep] [org.springframework.kafka.KafkaListenerEndpointContainer#0-0-C-1] org.apache.kafka.clients.NetworkClient   : [Consumer clientId=consumer-video-processing-group-1, groupId=video-processing-group] Node 1 disconnected.
2026-08-11T13:34:58.637+05:30  WARN 11552 --- [ytrep] [org.springframework.kafka.KafkaListenerEndpointContainer#0-0-C-1] org.apache.kafka.clients.NetworkClient   : [Consumer clientId=consumer-video-processing-group-1, groupId=video-processing-group] Connection to node 1 (localhost/127.0.0.1:9092) could not be established. Node may not be available.
2026-08-11T13:34:58.719+05:30  INFO 11552 --- [ytrep] [kafka-producer-network-thread | ytrep-producer-1] org.apache.kafka.clients.NetworkClient   : [Producer clientId=ytrep-producer-1] Node 1 disconnected.
2026-08-11T13:34:58.720+05:30  WARN 11552 --- [ytrep] [kafka-producer-network-thread | ytrep-producer-1] org.apache.kafka.clients.NetworkClient   : [Producer clientId=ytrep-producer-1] Connection to node 1 (localhost/127.0.0.1:9092) could not be established. Node may not be available.
2026-08-11T13:34:59.317+05:30  INFO 11552 --- [ytrep] [org.springframework.kafka.KafkaListenerEndpointContainer#1-0-C-1] org.apache.kafka.clients.NetworkClient   : [Consumer clientId=consumer-video-processing-group-2, groupId=video-processing-group] Node 1 disconnected.
2026-08-11T13:34:59.317+05:30  WARN 11552 --- [ytrep] [org.springframework.kafka.KafkaListenerEndpointContainer#1-0-C-1] org.apache.kafka.clients.NetworkClient   : [Consumer clientId=consumer-video-processing-group-2, groupId=video-processing-group] Connection to node 1 (localhost/127.0.0.1:9092) could not be established. Node may not be available.
2026-08-11T13:34:59.638+05:30  INFO 11552 --- [ytrep] [org.springframework.kafka.KafkaListenerEndpointContainer#0-0-C-1] org.apache.kafka.clients.NetworkClient   : [Consumer clientId=consumer-video-processing-group-1, groupId=video-processing-group] Node 1 disconnected.
2026-08-11T13:34:59.639+05:30  WARN 11552 --- [ytrep] [org.springframework.kafka.KafkaListenerEndpointContainer#0-0-C-1] org.apache.kafka.clients.NetworkClient   : [Consumer clientId=consumer-video-processing-group-1, groupId=video-processing-group] Connection to node 1 (localhost/127.0.0.1:9092) could not be established. Node may not be available.
2026-08-11T13:34:59.721+05:30  INFO 11552 --- [ytrep] [kafka-producer-network-thread | ytrep-producer-1] org.apache.kafka.clients.NetworkClient   : [Producer clientId=ytrep-producer-1] Node 1 disconnected.
2026-08-11T13:34:59.722+05:30  WARN 11552 --- [ytrep] [kafka-producer-network-thread | ytrep-producer-1] org.apache.kafka.clients.NetworkClient   : [Producer clientId=ytrep-producer-1] Connection to node 1 (localhost/127.0.0.1:9092) could not be established. Node may not be available.
2026-08-11T13:35:00.332+05:30  INFO 11552 --- [ytrep] [org.springframework.kafka.KafkaListenerEndpointContainer#1-0-C-1] org.apache.kafka.clients.NetworkClient   : [Consumer clientId=consumer-video-processing-group-2, groupId=video-processing-group] Node 1 disconnected.
2026-08-11T13:35:00.333+05:30  WARN 11552 --- [ytrep] [org.springframework.kafka.KafkaListenerEndpointContainer#1-0-C-1] org.apache.kafka.clients.NetworkClient   : [Consumer clientId=consumer-video-processing-group-2, groupId=video-processing-group] Connection to node 1 (localhost/127.0.0.1:9092) could not be established. Node may not be available.
2026-08-11T13:35:00.649+05:30  INFO 11552 --- [ytrep] [org.springframework.kafka.KafkaListenerEndpointContainer#0-0-C-1] org.apache.kafka.clients.NetworkClient   : [Consumer clientId=consumer-video-processing-group-1, groupId=video-processing-group] Node 1 disconnected.
2026-08-11T13:35:00.650+05:30  WARN 11552 --- [ytrep] [org.springframework.kafka.KafkaListenerEndpointContainer#0-0-C-1] org.apache.kafka.clients.NetworkClient   : [Consumer clientId=consumer-video-processing-group-1, groupId=video-processing-group] Connection to node 1 (localhost/127.0.0.1:9092) could not be established. Node may not be available.
2026-08-11T13:35:00.729+05:30  INFO 11552 --- [ytrep] [kafka-producer-network-thread | ytrep-producer-1] org.apache.kafka.clients.NetworkClient   : [Producer clientId=ytrep-producer-1] Node 1 disconnected.
2026-08-11T13:35:00.730+05:30  WARN 11552 --- [ytrep] [kafka-producer-network-thread | ytrep-producer-1] org.apache.kafka.clients.NetworkClient   : [Producer clientId=ytrep-producer-1] Connection to node 1 (localhost/127.0.0.1:9092) could not be established. Node may not be available.
2026-08-11T13:35:01.327+05:30  INFO 11552 --- [ytrep] [org.springframework.kafka.KafkaListenerEndpointContainer#1-0-C-1] org.apache.kafka.clients.NetworkClient   : [Consumer clientId=consumer-video-processing-group-2, groupId=video-processing-group] Node 1 disconnected.
2026-08-11T13:35:01.331+05:30  WARN 11552 --- [ytrep] [org.springframework.kafka.KafkaListenerEndpointContainer#1-0-C-1] org.apache.kafka.clients.NetworkClient   : [Consumer clientId=consumer-video-processing-group-2, groupId=video-processing-group] Connection to node 1 (localhost/127.0.0.1:9092) could not be established. Node may not be available.
2026-08-11T13:35:01.661+05:30  INFO 11552 --- [ytrep] [org.springframework.kafka.KafkaListenerEndpointContainer#0-0-C-1] org.apache.kafka.clients.NetworkClient   : [Consumer clientId=consumer-video-processing-group-1, groupId=video-processing-group] Node 1 disconnected.
2026-08-11T13:35:01.662+05:30  WARN 11552 --- [ytrep] [org.springframework.kafka.KafkaListenerEndpointContainer#0-0-C-1] org.apache.kafka.clients.NetworkClient   : [Consumer clientId=consumer-video-processing-group-1, groupId=video-processing-group] Connection to node 1 (localhost/127.0.0.1:9092) could not be established. Node may not be available.
2026-08-11T13:35:01.739+05:30  INFO 11552 --- [ytrep] [kafka-producer-network-thread | ytrep-producer-1] org.apache.kafka.clients.NetworkClient   : [Producer clientId=ytrep-producer-1] Node 1 disconnected.
2026-08-11T13:35:01.739+05:30  WARN 11552 --- [ytrep] [kafka-producer-network-thread | ytrep-producer-1] org.apache.kafka.clients.NetworkClient   : [Producer clientId=ytrep-producer-1] Connection to node 1 (localhost/127.0.0.1:9092) could not be established. Node may not be available.
2026-08-11T13:35:02.330+05:30  INFO 11552 --- [ytrep] [org.springframework.kafka.KafkaListenerEndpointContainer#1-0-C-1] org.apache.kafka.clients.NetworkClient   : [Consumer clientId=consumer-video-processing-group-2, groupId=video-processing-group] Node 1 disconnected.
2026-08-11T13:35:02.331+05:30  WARN 11552 --- [ytrep] [org.springframework.kafka.KafkaListenerEndpointContainer#1-0-C-1] org.apache.kafka.clients.NetworkClient   : [Consumer clientId=consumer-video-processing-group-2, groupId=video-processing-group] Connection to node 1 (localhost/127.0.0.1:9092) could not be established. Node may not be available.
2026-08-11T13:35:02.629+05:30  INFO 11552 --- [ytrep] [kafka-coordinator-heartbeat-thread | video-processing-group] org.apache.kafka.clients.NetworkClient   : [Consumer clientId=consumer-video-processing-group-1, groupId=video-processing-group] Node 1 disconnected.
2026-08-11T13:35:02.630+05:30  WARN 11552 --- [ytrep] [kafka-coordinator-heartbeat-thread | video-processing-group] org.apache.kafka.clients.NetworkClient   : [Consumer clientId=consumer-video-processing-group-1, groupId=video-processing-group] Connection to node 1 (localhost/127.0.0.1:9092) could not be established. Node may not be available.
2026-08-11T13:35:02.630+05:30  INFO 11552 --- [ytrep] [kafka-coordinator-heartbeat-thread | video-processing-group] o.a.kafka.clients.FetchSessionHandler    : [Consumer clientId=consumer-video-processing-group-1, groupId=video-processing-group] Error sending fetch request (sessionId=321187081, epoch=INITIAL) to node 1:

org.apache.kafka.common.errors.DisconnectException

2026-08-11T13:35:02.751+05:30  INFO 11552 --- [ytrep] [kafka-producer-network-thread | ytrep-producer-1] org.apache.kafka.clients.NetworkClient   : [Producer clientId=ytrep-producer-1] Node 1 disconnected.
2026-08-11T13:35:02.752+05:30  WARN 11552 --- [ytrep] [kafka-producer-network-thread | ytrep-producer-1] org.apache.kafka.clients.NetworkClient   : [Producer clientId=ytrep-producer-1] Connection to node 1 (localhost/127.0.0.1:9092) could not be established. Node may not be available.
2026-08-11T13:35:03.333+05:30  INFO 11552 --- [ytrep] [org.springframework.kafka.KafkaListenerEndpointContainer#1-0-C-1] org.apache.kafka.clients.NetworkClient   : [Consumer clientId=consumer-video-processing-group-2, groupId=video-processing-group] Node 1 disconnected.
2026-08-11T13:35:03.333+05:30  WARN 11552 --- [ytrep] [org.springframework.kafka.KafkaListenerEndpointContainer#1-0-C-1] org.apache.kafka.clients.NetworkClient   : [Consumer clientId=consumer-video-processing-group-2, groupId=video-processing-group] Connection to node 1 (localhost/127.0.0.1:9092) could not be established. Node may not be available.
2026-08-11T13:35:03.676+05:30  INFO 11552 --- [ytrep] [org.springframework.kafka.KafkaListenerEndpointContainer#0-0-C-1] org.apache.kafka.clients.NetworkClient   : [Consumer clientId=consumer-video-processing-group-1, groupId=video-processing-group] Node 1 disconnected.
2026-08-11T13:35:03.677+05:30  WARN 11552 --- [ytrep] [org.springframework.kafka.KafkaListenerEndpointContainer#0-0-C-1] org.apache.kafka.clients.NetworkClient   : [Consumer clientId=consumer-video-processing-group-1, groupId=video-processing-group] Connection to node 1 (localhost/127.0.0.1:9092) could not be established. Node may not be available.
2026-08-11T13:35:03.754+05:30  INFO 11552 --- [ytrep] [kafka-producer-network-thread | ytrep-producer-1] org.apache.kafka.clients.NetworkClient   : [Producer clientId=ytrep-producer-1] Node 1 disconnected.
2026-08-11T13:35:03.754+05:30  WARN 11552 --- [ytrep] [kafka-producer-network-thread | ytrep-producer-1] org.apache.kafka.clients.NetworkClient   : [Producer clientId=ytrep-producer-1] Connection to node 1 (localhost/127.0.0.1:9092) could not be established. Node may not be available.
2026-08-11T13:35:04.346+05:30  INFO 11552 --- [ytrep] [org.springframework.kafka.KafkaListenerEndpointContainer#1-0-C-1] org.apache.kafka.clients.NetworkClient   : [Consumer clientId=consumer-video-processing-group-2, groupId=video-processing-group] Node 1 disconnected.
2026-08-11T13:35:04.346+05:30  WARN 11552 --- [ytrep] [org.springframework.kafka.KafkaListenerEndpointContainer#1-0-C-1] org.apache.kafka.clients.NetworkClient   : [Consumer clientId=consumer-video-processing-group-2, groupId=video-processing-group] Connection to node 1 (localhost/127.0.0.1:9092) could not be established. Node may not be available.
2026-08-11T13:35:04.677+05:30  INFO 11552 --- [ytrep] [kafka-producer-network-thread | ytrep-producer-1] org.apache.kafka.clients.NetworkClient   : [Producer clientId=ytrep-producer-1] Node 1 disconnected.
2026-08-11T13:35:04.677+05:30  WARN 11552 --- [ytrep] [kafka-producer-network-thread | ytrep-producer-1] org.apache.kafka.clients.NetworkClient   : [Producer clientId=ytrep-producer-1] Connection to node 1 (localhost/127.0.0.1:9092) could not be established. Node may not be available.
2026-08-11T13:35:04.693+05:30  INFO 11552 --- [ytrep] [org.springframework.kafka.KafkaListenerEndpointContainer#0-0-C-1] org.apache.kafka.clients.NetworkClient   : [Consumer clientId=consumer-video-processing-group-1, groupId=video-processing-group] Node 1 disconnected.
2026-08-11T13:35:04.693+05:30  WARN 11552 --- [ytrep] [org.springframework.kafka.KafkaListenerEndpointContainer#0-0-C-1] org.apache.kafka.clients.NetworkClient   : [Consumer clientId=consumer-video-processing-group-1, groupId=video-processing-group] Connection to node 1 (localhost/127.0.0.1:9092) could not be established. Node may not be available.
2026-08-11T13:35:05.347+05:30  INFO 11552 --- [ytrep] [org.springframework.kafka.KafkaListenerEndpointContainer#1-0-C-1] org.apache.kafka.clients.NetworkClient   : [Consumer clientId=consumer-video-processing-group-2, groupId=video-processing-group] Node 1 disconnected.
2026-08-11T13:35:05.347+05:30  WARN 11552 --- [ytrep] [org.springframework.kafka.KafkaListenerEndpointContainer#1-0-C-1] org.apache.kafka.clients.NetworkClient   : [Consumer clientId=consumer-video-processing-group-2, groupId=video-processing-group] Connection to node 1 (localhost/127.0.0.1:9092) could not be established. Node may not be available.
2026-08-11T13:35:05.544+05:30  INFO 11552 --- [ytrep] [kafka-producer-network-thread | ytrep-producer-1] org.apache.kafka.clients.NetworkClient   : [Producer clientId=ytrep-producer-1] Node 1 disconnected.
2026-08-11T13:35:05.544+05:30  WARN 11552 --- [ytrep] [kafka-producer-network-thread | ytrep-producer-1] org.apache.kafka.clients.NetworkClient   : [Producer clientId=ytrep-producer-1] Connection to node 1 (localhost/127.0.0.1:9092) could not be established. Node may not be available.
2026-08-11T13:35:05.655+05:30  INFO 11552 --- [ytrep] [org.springframework.kafka.KafkaListenerEndpointContainer#0-0-C-1] org.apache.kafka.clients.NetworkClient   : [Consumer clientId=consumer-video-processing-group-1, groupId=video-processing-group] Node 1 disconnected.
2026-08-11T13:35:05.656+05:30  WARN 11552 --- [ytrep] [org.springframework.kafka.KafkaListenerEndpointContainer#0-0-C-1] org.apache.kafka.clients.NetworkClient   : [Consumer clientId=consumer-video-processing-group-1, groupId=video-processing-group] Connection to node 1 (localhost/127.0.0.1:9092) could not be established. Node may not be available.
2026-08-11T13:35:06.356+05:30  INFO 11552 --- [ytrep] [org.springframework.kafka.KafkaListenerEndpointContainer#1-0-C-1] org.apache.kafka.clients.NetworkClient   : [Consumer clientId=consumer-video-processing-group-2, groupId=video-processing-group] Node 1 disconnected.
2026-08-11T13:35:06.357+05:30  WARN 11552 --- [ytrep] [org.springframework.kafka.KafkaListenerEndpointContainer#1-0-C-1] org.apache.kafka.clients.NetworkClient   : [Consumer clientId=consumer-video-processing-group-2, groupId=video-processing-group] Connection to node 1 (localhost/127.0.0.1:9092) could not be established. Node may not be available.
2026-08-11T13:35:06.540+05:30  INFO 11552 --- [ytrep] [org.springframework.kafka.KafkaListenerEndpointContainer#0-0-C-1] org.apache.kafka.clients.NetworkClient   : [Consumer clientId=consumer-video-processing-group-1, groupId=video-processing-group] Node 1 disconnected.
2026-08-11T13:35:06.540+05:30  WARN 11552 --- [ytrep] [org.springframework.kafka.KafkaListenerEndpointContainer#0-0-C-1] org.apache.kafka.clients.NetworkClient   : [Consumer clientId=consumer-video-processing-group-1, groupId=video-processing-group] Connection to node 1 (localhost/127.0.0.1:9092) could not be established. Node may not be available.
2026-08-11T13:35:06.561+05:30  INFO 11552 --- [ytrep] [kafka-producer-network-thread | ytrep-producer-1] org.apache.kafka.clients.NetworkClient   : [Producer clientId=ytrep-producer-1] Node 1 disconnected.
2026-08-11T13:35:06.561+05:30  WARN 11552 --- [ytrep] [kafka-producer-network-thread | ytrep-producer-1] org.apache.kafka.clients.NetworkClient   : [Producer clientId=ytrep-producer-1] Connection to node 1 (localhost/127.0.0.1:9092) could not be established. Node may not be available.
2026-08-11T13:35:07.364+05:30  INFO 11552 --- [ytrep] [org.springframework.kafka.KafkaListenerEndpointContainer#1-0-C-1] org.apache.kafka.clients.NetworkClient   : [Consumer clientId=consumer-video-processing-group-2, groupId=video-processing-group] Node 1 disconnected.
2026-08-11T13:35:07.372+05:30  WARN 11552 --- [ytrep] [org.springframework.kafka.KafkaListenerEndpointContainer#1-0-C-1] org.apache.kafka.clients.NetworkClient   : [Consumer clientId=consumer-video-processing-group-2, groupId=video-processing-group] Connection to node 1 (localhost/127.0.0.1:9092) could not be established. Node may not be available.
2026-08-11T13:35:07.565+05:30  INFO 11552 --- [ytrep] [org.springframework.kafka.KafkaListenerEndpointContainer#0-0-C-1] org.apache.kafka.clients.NetworkClient   : [Consumer clientId=consumer-video-processing-group-1, groupId=video-processing-group] Node 1 disconnected.
2026-08-11T13:35:07.565+05:30  INFO 11552 --- [ytrep] [kafka-producer-network-thread | ytrep-producer-1] org.apache.kafka.clients.NetworkClient   : [Producer clientId=ytrep-producer-1] Node 1 disconnected.
2026-08-11T13:35:07.566+05:30  WARN 11552 --- [ytrep] [org.springframework.kafka.KafkaListenerEndpointContainer#0-0-C-1] org.apache.kafka.clients.NetworkClient   : [Consumer clientId=consumer-video-processing-group-1, groupId=video-processing-group] Connection to node 1 (localhost/127.0.0.1:9092) could not be established. Node may not be available.
2026-08-11T13:35:07.566+05:30  WARN 11552 --- [ytrep] [kafka-producer-network-thread | ytrep-producer-1] org.apache.kafka.clients.NetworkClient   : [Producer clientId=ytrep-producer-1] Connection to node 1 (localhost/127.0.0.1:9092) could not be established. Node may not be available.
2026-08-11T13:35:08.380+05:30  INFO 11552 --- [ytrep] [org.springframework.kafka.KafkaListenerEndpointContainer#1-0-C-1] org.apache.kafka.clients.NetworkClient   : [Consumer clientId=consumer-video-processing-group-2, groupId=video-processing-group] Node 1 disconnected.
2026-08-11T13:35:08.380+05:30  WARN 11552 --- [ytrep] [org.springframework.kafka.KafkaListenerEndpointContainer#1-0-C-1] org.apache.kafka.clients.NetworkClient   : [Consumer clientId=consumer-video-processing-group-2, groupId=video-processing-group] Connection to node 1 (localhost/127.0.0.1:9092) could not be established. Node may not be available.
2026-08-11T13:35:08.581+05:30  INFO 11552 --- [ytrep] [org.springframework.kafka.KafkaListenerEndpointContainer#0-0-C-1] org.apache.kafka.clients.NetworkClient   : [Consumer clientId=consumer-video-processing-group-1, groupId=video-processing-group] Node 1 disconnected.
2026-08-11T13:35:08.581+05:30  INFO 11552 --- [ytrep] [kafka-producer-network-thread | ytrep-producer-1] org.apache.kafka.clients.NetworkClient   : [Producer clientId=ytrep-producer-1] Node 1 disconnected.
2026-08-11T13:35:08.582+05:30  WARN 11552 --- [ytrep] [kafka-producer-network-thread | ytrep-producer-1] org.apache.kafka.clients.NetworkClient   : [Producer clientId=ytrep-producer-1] Connection to node 1 (localhost/127.0.0.1:9092) could not be established. Node may not be available.
2026-08-11T13:35:08.582+05:30  WARN 11552 --- [ytrep] [org.springframework.kafka.KafkaListenerEndpointContainer#0-0-C-1] org.apache.kafka.clients.NetworkClient   : [Consumer clientId=consumer-video-processing-group-1, groupId=video-processing-group] Connection to node 1 (localhost/127.0.0.1:9092) could not be established. Node may not be available.
2026-08-11T13:35:09.390+05:30  INFO 11552 --- [ytrep] [org.springframework.kafka.KafkaListenerEndpointContainer#1-0-C-1] org.apache.kafka.clients.NetworkClient   : [Consumer clientId=consumer-video-processing-group-2, groupId=video-processing-group] Node 1 disconnected.
2026-08-11T13:35:09.391+05:30  WARN 11552 --- [ytrep] [org.springframework.kafka.KafkaListenerEndpointContainer#1-0-C-1] org.apache.kafka.clients.NetworkClient   : [Consumer clientId=consumer-video-processing-group-2, groupId=video-processing-group] Connection to node 1 (localhost/127.0.0.1:9092) could not be established. Node may not be available.
2026-08-11T13:35:09.596+05:30  INFO 11552 --- [ytrep] [org.springframework.kafka.KafkaListenerEndpointContainer#0-0-C-1] org.apache.kafka.clients.NetworkClient   : [Consumer clientId=consumer-video-processing-group-1, groupId=video-processing-group] Node 1 disconnected.
2026-08-11T13:35:09.596+05:30  INFO 11552 --- [ytrep] [kafka-producer-network-thread | ytrep-producer-1] org.apache.kafka.clients.NetworkClient   : [Producer clientId=ytrep-producer-1] Node 1 disconnected.
2026-08-11T13:35:09.596+05:30  WARN 11552 --- [ytrep] [kafka-producer-network-thread | ytrep-producer-1] org.apache.kafka.clients.NetworkClient   : [Producer clientId=ytrep-producer-1] Connection to node 1 (localhost/127.0.0.1:9092) could not be established. Node may not be available.
2026-08-11T13:35:09.596+05:30  WARN 11552 --- [ytrep] [org.springframework.kafka.KafkaListenerEndpointContainer#0-0-C-1] org.apache.kafka.clients.NetworkClient   : [Consumer clientId=consumer-video-processing-group-1, groupId=video-processing-group] Connection to node 1 (localhost/127.0.0.1:9092) could not be established. Node may not be available.
2026-08-11T13:35:09.734+05:30  INFO 11552 --- [ytrep] [lettuce-eventExecutorLoop-1-8] i.l.core.protocol.ConnectionWatchdog     : Reconnecting, last destination was localhost/<unresolved>:6379
2026-08-11T13:35:09.736+05:30  WARN 11552 --- [ytrep] [lettuce-nioEventLoop-4-6] i.l.core.protocol.ConnectionWatchdog     : Cannot reconnect to [localhost/<unresolved>:6379]: Connection refused: getsockopt: localhost/127.0.0.1:6379
2026-08-11T13:35:10.404+05:30  INFO 11552 --- [ytrep] [org.springframework.kafka.KafkaListenerEndpointContainer#1-0-C-1] org.apache.kafka.clients.NetworkClient   : [Consumer clientId=consumer-video-processing-group-2, groupId=video-processing-group] Node 1 disconnected.
2026-08-11T13:35:10.404+05:30  WARN 11552 --- [ytrep] [org.springframework.kafka.KafkaListenerEndpointContainer#1-0-C-1] org.apache.kafka.clients.NetworkClient   : [Consumer clientId=consumer-video-processing-group-2, groupId=video-processing-group] Connection to node 1 (localhost/127.0.0.1:9092) could not be established. Node may not be available.
2026-08-11T13:35:10.606+05:30  INFO 11552 --- [ytrep] [kafka-producer-network-thread | ytrep-producer-1] org.apache.kafka.clients.NetworkClient   : [Producer clientId=ytrep-producer-1] Node 1 disconnected.
2026-08-11T13:35:10.607+05:30  WARN 11552 --- [ytrep] [kafka-producer-network-thread | ytrep-producer-1] org.apache.kafka.clients.NetworkClient   : [Producer clientId=ytrep-producer-1] Connection to node 1 (localhost/127.0.0.1:9092) could not be established. Node may not be available.
2026-08-11T13:35:10.638+05:30  INFO 11552 --- [ytrep] [org.springframework.kafka.KafkaListenerEndpointContainer#0-0-C-1] org.apache.kafka.clients.NetworkClient   : [Consumer clientId=consumer-video-processing-group-1, groupId=video-processing-group] Node 1 disconnected.
2026-08-11T13:35:10.639+05:30  WARN 11552 --- [ytrep] [org.springframework.kafka.KafkaListenerEndpointContainer#0-0-C-1] org.apache.kafka.clients.NetworkClient   : [Consumer clientId=consumer-video-processing-group-1, groupId=video-processing-group] Connection to node 1 (localhost/127.0.0.1:9092) could not be established. Node may not be available.
2026-08-11T13:35:11.419+05:30  INFO 11552 --- [ytrep] [org.springframework.kafka.KafkaListenerEndpointContainer#1-0-C-1] org.apache.kafka.clients.NetworkClient   : [Consumer clientId=consumer-video-processing-group-2, groupId=video-processing-group] Node 1 disconnected.
2026-08-11T13:35:11.419+05:30  WARN 11552 --- [ytrep] [org.springframework.kafka.KafkaListenerEndpointContainer#1-0-C-1] org.apache.kafka.clients.NetworkClient   : [Consumer clientId=consumer-video-processing-group-2, groupId=video-processing-group] Connection to node 1 (localhost/127.0.0.1:9092) could not be established. Node may not be available.
2026-08-11T13:35:11.608+05:30  INFO 11552 --- [ytrep] [kafka-producer-network-thread | ytrep-producer-1] org.apache.kafka.clients.NetworkClient   : [Producer clientId=ytrep-producer-1] Node 1 disconnected.
2026-08-11T13:35:11.609+05:30  WARN 11552 --- [ytrep] [kafka-producer-network-thread | ytrep-producer-1] org.apache.kafka.clients.NetworkClient   : [Producer clientId=ytrep-producer-1] Connection to node 1 (localhost/127.0.0.1:9092) could not be established. Node may not be available.
2026-08-11T13:35:11.655+05:30  INFO 11552 --- [ytrep] [org.springframework.kafka.KafkaListenerEndpointContainer#0-0-C-1] org.apache.kafka.clients.NetworkClient   : [Consumer clientId=consumer-video-processing-group-1, groupId=video-processing-group] Node 1 disconnected.
2026-08-11T13:35:11.656+05:30  WARN 11552 --- [ytrep] [org.springframework.kafka.KafkaListenerEndpointContainer#0-0-C-1] org.apache.kafka.clients.NetworkClient   : [Consumer clientId=consumer-video-processing-group-1, groupId=video-processing-group] Connection to node 1 (localhost/127.0.0.1:9092) could not be established. Node may not be available.
2026-08-11T13:35:12.472+05:30  INFO 11552 --- [ytrep] [org.springframework.kafka.KafkaListenerEndpointContainer#1-0-C-1] org.apache.kafka.clients.NetworkClient   : [Consumer clientId=consumer-video-processing-group-2, groupId=video-processing-group] Node 1 disconnected.
2026-08-11T13:35:12.472+05:30  WARN 11552 --- [ytrep] [org.springframework.kafka.KafkaListenerEndpointContainer#1-0-C-1] org.apache.kafka.clients.NetworkClient   : [Consumer clientId=consumer-video-processing-group-2, groupId=video-processing-group] Connection to node 1 (localhost/127.0.0.1:9092) could not be established. Node may not be available.
2026-08-11T13:35:12.612+05:30  INFO 11552 --- [ytrep] [kafka-producer-network-thread | ytrep-producer-1] org.apache.kafka.clients.NetworkClient   : [Producer clientId=ytrep-producer-1] Node 1 disconnected.
2026-08-11T13:35:12.613+05:30  WARN 11552 --- [ytrep] [kafka-producer-network-thread | ytrep-producer-1] org.apache.kafka.clients.NetworkClient   : [Producer clientId=ytrep-producer-1] Connection to node 1 (localhost/127.0.0.1:9092) could not be established. Node may not be available.
2026-08-11T13:35:12.752+05:30  INFO 11552 --- [ytrep] [org.springframework.kafka.KafkaListenerEndpointContainer#0-0-C-1] org.apache.kafka.clients.NetworkClient   : [Consumer clientId=consumer-video-processing-group-1, groupId=video-processing-group] Node 1 disconnected.
2026-08-11T13:35:12.752+05:30  WARN 11552 --- [ytrep] [org.springframework.kafka.KafkaListenerEndpointContainer#0-0-C-1] org.apache.kafka.clients.NetworkClient   : [Consumer clientId=consumer-video-processing-group-1, groupId=video-processing-group] Connection to node 1 (localhost/127.0.0.1:9092) could not be established. Node may not be available.
2026-08-11T13:35:13.474+05:30  INFO 11552 --- [ytrep] [org.springframework.kafka.KafkaListenerEndpointContainer#1-0-C-1] org.apache.kafka.clients.NetworkClient   : [Consumer clientId=consumer-video-processing-group-2, groupId=video-processing-group] Node 1 disconnected.
2026-08-11T13:35:13.474+05:30  WARN 11552 --- [ytrep] [org.springframework.kafka.KafkaListenerEndpointContainer#1-0-C-1] org.apache.kafka.clients.NetworkClient   : [Consumer clientId=consumer-video-processing-group-2, groupId=video-processing-group] Connection to node 1 (localhost/127.0.0.1:9092) could not be established. Node may not be available.
2026-08-11T13:35:13.637+05:30  INFO 11552 --- [ytrep] [kafka-producer-network-thread | ytrep-producer-1] org.apache.kafka.clients.NetworkClient   : [Producer clientId=ytrep-producer-1] Node 1 disconnected.
2026-08-11T13:35:13.637+05:30  WARN 11552 --- [ytrep] [kafka-producer-network-thread | ytrep-producer-1] org.apache.kafka.clients.NetworkClient   : [Producer clientId=ytrep-producer-1] Connection to node 1 (localhost/127.0.0.1:9092) could not be established. Node may not be available.
2026-08-11T13:35:13.767+05:30  INFO 11552 --- [ytrep] [org.springframework.kafka.KafkaListenerEndpointContainer#0-0-C-1] org.apache.kafka.clients.NetworkClient   : [Consumer clientId=consumer-video-processing-group-1, groupId=video-processing-group] Node 1 disconnected.
2026-08-11T13:35:13.768+05:30  WARN 11552 --- [ytrep] [org.springframework.kafka.KafkaListenerEndpointContainer#0-0-C-1] org.apache.kafka.clients.NetworkClient   : [Consumer clientId=consumer-video-processing-group-1, groupId=video-processing-group] Connection to node 1 (localhost/127.0.0.1:9092) could not be established. Node may not be available.
2026-08-11T13:35:14.475+05:30  INFO 11552 --- [ytrep] [org.springframework.kafka.KafkaListenerEndpointContainer#1-0-C-1] org.apache.kafka.clients.NetworkClient   : [Consumer clientId=consumer-video-processing-group-2, groupId=video-processing-group] Node 1 disconnected.
2026-08-11T13:35:14.475+05:30  WARN 11552 --- [ytrep] [org.springframework.kafka.KafkaListenerEndpointContainer#1-0-C-1] org.apache.kafka.clients.NetworkClient   : [Consumer clientId=consumer-video-processing-group-2, groupId=video-processing-group] Connection to node 1 (localhost/127.0.0.1:9092) could not be established. Node may not be available.
2026-08-11T13:35:14.647+05:30  INFO 11552 --- [ytrep] [kafka-producer-network-thread | ytrep-producer-1] org.apache.kafka.clients.NetworkClient   : [Producer clientId=ytrep-producer-1] Node 1 disconnected.
2026-08-11T13:35:14.647+05:30  WARN 11552 --- [ytrep] [kafka-producer-network-thread | ytrep-producer-1] org.apache.kafka.clients.NetworkClient   : [Producer clientId=ytrep-producer-1] Connection to node 1 (localhost/127.0.0.1:9092) could not be established. Node may not be available.
2026-08-11T13:35:14.772+05:30  INFO 11552 --- [ytrep] [org.springframework.kafka.KafkaListenerEndpointContainer#0-0-C-1] org.apache.kafka.clients.NetworkClient   : [Consumer clientId=consumer-video-processing-group-1, groupId=video-processing-group] Node 1 disconnected.
2026-08-11T13:35:14.773+05:30  WARN 11552 --- [ytrep] [org.springframework.kafka.KafkaListenerEndpointContainer#0-0-C-1] org.apache.kafka.clients.NetworkClient   : [Consumer clientId=consumer-video-processing-group-1, groupId=video-processing-group] Connection to node 1 (localhost/127.0.0.1:9092) could not be established. Node may not be available.
2026-08-11T13:35:15.479+05:30  INFO 11552 --- [ytrep] [org.springframework.kafka.KafkaListenerEndpointContainer#1-0-C-1] org.apache.kafka.clients.NetworkClient   : [Consumer clientId=consumer-video-processing-group-2, groupId=video-processing-group] Node 1 disconnected.
2026-08-11T13:35:15.480+05:30  WARN 11552 --- [ytrep] [org.springframework.kafka.KafkaListenerEndpointContainer#1-0-C-1] org.apache.kafka.clients.NetworkClient   : [Consumer clientId=consumer-video-processing-group-2, groupId=video-processing-group] Connection to node 1 (localhost/127.0.0.1:9092) could not be established. Node may not be available.
2026-08-11T13:35:15.650+05:30  INFO 11552 --- [ytrep] [kafka-producer-network-thread | ytrep-producer-1] org.apache.kafka.clients.NetworkClient   : [Producer clientId=ytrep-producer-1] Node 1 disconnected.
2026-08-11T13:35:15.650+05:30  WARN 11552 --- [ytrep] [kafka-producer-network-thread | ytrep-producer-1] org.apache.kafka.clients.NetworkClient   : [Producer clientId=ytrep-producer-1] Connection to node 1 (localhost/127.0.0.1:9092) could not be established. Node may not be available.
2026-08-11T13:35:15.779+05:30  INFO 11552 --- [ytrep] [org.springframework.kafka.KafkaListenerEndpointContainer#0-0-C-1] org.apache.kafka.clients.NetworkClient   : [Consumer clientId=consumer-video-processing-group-1, groupId=video-processing-group] Node 1 disconnected.
2026-08-11T13:35:15.779+05:30  WARN 11552 --- [ytrep] [org.springframework.kafka.KafkaListenerEndpointContainer#0-0-C-1] org.apache.kafka.clients.NetworkClient   : [Consumer clientId=consumer-video-processing-group-1, groupId=video-processing-group] Connection to node 1 (localhost/127.0.0.1:9092) could not be established. Node may not be available.
2026-08-11T13:35:16.402+05:30  INFO 11552 --- [ytrep] [org.springframework.kafka.KafkaListenerEndpointContainer#1-0-C-1] org.apache.kafka.clients.NetworkClient   : [Consumer clientId=consumer-video-processing-group-2, groupId=video-processing-group] Node 1 disconnected.
2026-08-11T13:35:16.403+05:30  WARN 11552 --- [ytrep] [org.springframework.kafka.KafkaListenerEndpointContainer#1-0-C-1] org.apache.kafka.clients.NetworkClient   : [Consumer clientId=consumer-video-processing-group-2, groupId=video-processing-group] Connection to node 1 (localhost/127.0.0.1:9092) could not be established. Node may not be available.
2026-08-11T13:35:16.666+05:30  INFO 11552 --- [ytrep] [kafka-producer-network-thread | ytrep-producer-1] org.apache.kafka.clients.NetworkClient   : [Producer clientId=ytrep-producer-1] Node 1 disconnected.
2026-08-11T13:35:16.666+05:30  WARN 11552 --- [ytrep] [kafka-producer-network-thread | ytrep-producer-1] org.apache.kafka.clients.NetworkClient   : [Producer clientId=ytrep-producer-1] Connection to node 1 (localhost/127.0.0.1:9092) could not be established. Node may not be available.
2026-08-11T13:35:16.806+05:30  INFO 11552 --- [ytrep] [org.springframework.kafka.KafkaListenerEndpointContainer#0-0-C-1] org.apache.kafka.clients.NetworkClient   : [Consumer clientId=consumer-video-processing-group-1, groupId=video-processing-group] Node 1 disconnected.
2026-08-11T13:35:16.806+05:30  WARN 11552 --- [ytrep] [org.springframework.kafka.KafkaListenerEndpointContainer#0-0-C-1] org.apache.kafka.clients.NetworkClient   : [Consumer clientId=consumer-video-processing-group-1, groupId=video-processing-group] Connection to node 1 (localhost/127.0.0.1:9092) could not be established. Node may not be available.
2026-08-11T13:35:17.358+05:30  INFO 11552 --- [ytrep] [org.springframework.kafka.KafkaListenerEndpointContainer#1-0-C-1] org.apache.kafka.clients.NetworkClient   : [Consumer clientId=consumer-video-processing-group-2, groupId=video-processing-group] Node 1 disconnected.
2026-08-11T13:35:17.358+05:30  WARN 11552 --- [ytrep] [org.springframework.kafka.KafkaListenerEndpointContainer#1-0-C-1] org.apache.kafka.clients.NetworkClient   : [Consumer clientId=consumer-video-processing-group-2, groupId=video-processing-group] Connection to node 1 (localhost/127.0.0.1:9092) could not be established. Node may not be available.
2026-08-11T13:35:17.667+05:30  INFO 11552 --- [ytrep] [kafka-producer-network-thread | ytrep-producer-1] org.apache.kafka.clients.NetworkClient   : [Producer clientId=ytrep-producer-1] Node 1 disconnected.
2026-08-11T13:35:17.667+05:30  WARN 11552 --- [ytrep] [kafka-producer-network-thread | ytrep-producer-1] org.apache.kafka.clients.NetworkClient   : [Producer clientId=ytrep-producer-1] Connection to node 1 (localhost/127.0.0.1:9092) could not be established. Node may not be available.
2026-08-11T13:35:17.814+05:30  INFO 11552 --- [ytrep] [org.springframework.kafka.KafkaListenerEndpointContainer#0-0-C-1] org.apache.kafka.clients.NetworkClient   : [Consumer clientId=consumer-video-processing-group-1, groupId=video-processing-group] Node 1 disconnected.
2026-08-11T13:35:17.815+05:30  WARN 11552 --- [ytrep] [org.springframework.kafka.KafkaListenerEndpointContainer#0-0-C-1] org.apache.kafka.clients.NetworkClient   : [Consumer clientId=consumer-video-processing-group-1, groupId=video-processing-group] Connection to node 1 (localhost/127.0.0.1:9092) could not be established. Node may not be available.
2026-08-11T13:35:18.415+05:30  INFO 11552 --- [ytrep] [org.springframework.kafka.KafkaListenerEndpointContainer#1-0-C-1] org.apache.kafka.clients.NetworkClient   : [Consumer clientId=consumer-video-processing-group-2, groupId=video-processing-group] Node 1 disconnected.
2026-08-11T13:35:18.416+05:30  WARN 11552 --- [ytrep] [org.springframework.kafka.KafkaListenerEndpointContainer#1-0-C-1] org.apache.kafka.clients.NetworkClient   : [Consumer clientId=consumer-video-processing-group-2, groupId=video-processing-group] Connection to node 1 (localhost/127.0.0.1:9092) could not be established. Node may not be available.
2026-08-11T13:35:18.668+05:30  INFO 11552 --- [ytrep] [kafka-producer-network-thread | ytrep-producer-1] org.apache.kafka.clients.NetworkClient   : [Producer clientId=ytrep-producer-1] Node 1 disconnected.
2026-08-11T13:35:18.668+05:30  WARN 11552 --- [ytrep] [kafka-producer-network-thread | ytrep-producer-1] org.apache.kafka.clients.NetworkClient   : [Producer clientId=ytrep-producer-1] Connection to node 1 (localhost/127.0.0.1:9092) could not be established. Node may not be available.
2026-08-11T13:35:18.870+05:30  INFO 11552 --- [ytrep] [org.springframework.kafka.KafkaListenerEndpointContainer#0-0-C-1] org.apache.kafka.clients.NetworkClient   : [Consumer clientId=consumer-video-processing-group-1, groupId=video-processing-group] Node 1 disconnected.
2026-08-11T13:35:18.871+05:30  WARN 11552 --- [ytrep] [org.springframework.kafka.KafkaListenerEndpointContainer#0-0-C-1] org.apache.kafka.clients.NetworkClient   : [Consumer clientId=consumer-video-processing-group-1, groupId=video-processing-group] Connection to node 1 (localhost/127.0.0.1:9092) could not be established. Node may not be available.
2026-08-11T13:35:19.432+05:30  INFO 11552 --- [ytrep] [org.springframework.kafka.KafkaListenerEndpointContainer#1-0-C-1] org.apache.kafka.clients.NetworkClient   : [Consumer clientId=consumer-video-processing-group-2, groupId=video-processing-group] Node 1 disconnected.
2026-08-11T13:35:19.433+05:30  WARN 11552 --- [ytrep] [org.springframework.kafka.KafkaListenerEndpointContainer#1-0-C-1] org.apache.kafka.clients.NetworkClient   : [Consumer clientId=consumer-video-processing-group-2, groupId=video-processing-group] Connection to node 1 (localhost/127.0.0.1:9092) could not be established. Node may not be available.
2026-08-11T13:35:19.682+05:30  INFO 11552 --- [ytrep] [kafka-producer-network-thread | ytrep-producer-1] org.apache.kafka.clients.NetworkClient   : [Producer clientId=ytrep-producer-1] Node 1 disconnected.
2026-08-11T13:35:19.682+05:30  WARN 11552 --- [ytrep] [kafka-producer-network-thread | ytrep-producer-1] org.apache.kafka.clients.NetworkClient   : [Producer clientId=ytrep-producer-1] Connection to node 1 (localhost/127.0.0.1:9092) could not be established. Node may not be available.
2026-08-11T13:35:19.885+05:30  INFO 11552 --- [ytrep] [org.springframework.kafka.KafkaListenerEndpointContainer#0-0-C-1] org.apache.kafka.clients.NetworkClient   : [Consumer clientId=consumer-video-processing-group-1, groupId=video-processing-group] Node 1 disconnected.
2026-08-11T13:35:19.885+05:30  WARN 11552 --- [ytrep] [org.springframework.kafka.KafkaListenerEndpointContainer#0-0-C-1] org.apache.kafka.clients.NetworkClient   : [Consumer clientId=consumer-video-processing-group-1, groupId=video-processing-group] Connection to node 1 (localhost/127.0.0.1:9092) could not be established. Node may not be available.
2026-08-11T13:35:20.437+05:30  INFO 11552 --- [ytrep] [org.springframework.kafka.KafkaListenerEndpointContainer#1-0-C-1] org.apache.kafka.clients.NetworkClient   : [Consumer clientId=consumer-video-processing-group-2, groupId=video-processing-group] Node 1 disconnected.
2026-08-11T13:35:20.438+05:30  WARN 11552 --- [ytrep] [org.springframework.kafka.KafkaListenerEndpointContainer#1-0-C-1] org.apache.kafka.clients.NetworkClient   : [Consumer clientId=consumer-video-processing-group-2, groupId=video-processing-group] Connection to node 1 (localhost/127.0.0.1:9092) could not be established. Node may not be available.
2026-08-11T13:35:20.685+05:30  INFO 11552 --- [ytrep] [kafka-producer-network-thread | ytrep-producer-1] org.apache.kafka.clients.NetworkClient   : [Producer clientId=ytrep-producer-1] Node 1 disconnected.
2026-08-11T13:35:20.686+05:30  WARN 11552 --- [ytrep] [kafka-producer-network-thread | ytrep-producer-1] org.apache.kafka.clients.NetworkClient   : [Producer clientId=ytrep-producer-1] Connection to node 1 (localhost/127.0.0.1:9092) could not be established. Node may not be available.
2026-08-11T13:35:20.889+05:30  INFO 11552 --- [ytrep] [org.springframework.kafka.KafkaListenerEndpointContainer#0-0-C-1] org.apache.kafka.clients.NetworkClient   : [Consumer clientId=consumer-video-processing-group-1, groupId=video-processing-group] Node 1 disconnected.
2026-08-11T13:35:20.890+05:30  WARN 11552 --- [ytrep] [org.springframework.kafka.KafkaListenerEndpointContainer#0-0-C-1] org.apache.kafka.clients.NetworkClient   : [Consumer clientId=consumer-video-processing-group-1, groupId=video-processing-group] Connection to node 1 (localhost/127.0.0.1:9092) could not be established. Node may not be available.
2026-08-11T13:35:21.449+05:30  INFO 11552 --- [ytrep] [org.springframework.kafka.KafkaListenerEndpointContainer#1-0-C-1] org.apache.kafka.clients.NetworkClient   : [Consumer clientId=consumer-video-processing-group-2, groupId=video-processing-group] Node 1 disconnected.
2026-08-11T13:35:21.449+05:30  WARN 11552 --- [ytrep] [org.springframework.kafka.KafkaListenerEndpointContainer#1-0-C-1] org.apache.kafka.clients.NetworkClient   : [Consumer clientId=consumer-video-processing-group-2, groupId=video-processing-group] Connection to node 1 (localhost/127.0.0.1:9092) could not be established. Node may not be available.
2026-08-11T13:35:21.696+05:30  INFO 11552 --- [ytrep] [kafka-producer-network-thread | ytrep-producer-1] org.apache.kafka.clients.NetworkClient   : [Producer clientId=ytrep-producer-1] Node 1 disconnected.
2026-08-11T13:35:21.697+05:30  WARN 11552 --- [ytrep] [kafka-producer-network-thread | ytrep-producer-1] org.apache.kafka.clients.NetworkClient   : [Producer clientId=ytrep-producer-1] Connection to node 1 (localhost/127.0.0.1:9092) could not be established. Node may not be available.
2026-08-11T13:35:21.946+05:30  INFO 11552 --- [ytrep] [org.springframework.kafka.KafkaListenerEndpointContainer#0-0-C-1] org.apache.kafka.clients.NetworkClient   : [Consumer clientId=consumer-video-processing-group-1, groupId=video-processing-group] Node 1 disconnected.
2026-08-11T13:35:21.946+05:30  WARN 11552 --- [ytrep] [org.springframework.kafka.KafkaListenerEndpointContainer#0-0-C-1] org.apache.kafka.clients.NetworkClient   : [Consumer clientId=consumer-video-processing-group-1, groupId=video-processing-group] Connection to node 1 (localhost/127.0.0.1:9092) could not be established. Node may not be available.
2026-08-11T13:35:22.430+05:30  INFO 11552 --- [ytrep] [org.springframework.kafka.KafkaListenerEndpointContainer#1-0-C-1] org.apache.kafka.clients.NetworkClient   : [Consumer clientId=consumer-video-processing-group-2, groupId=video-processing-group] Node 1 disconnected.
2026-08-11T13:35:22.430+05:30  WARN 11552 --- [ytrep] [org.springframework.kafka.KafkaListenerEndpointContainer#1-0-C-1] org.apache.kafka.clients.NetworkClient   : [Consumer clientId=consumer-video-processing-group-2, groupId=video-processing-group] Connection to node 1 (localhost/127.0.0.1:9092) could not be established. Node may not be available.
2026-08-11T13:35:22.698+05:30  INFO 11552 --- [ytrep] [kafka-producer-network-thread | ytrep-producer-1] org.apache.kafka.clients.NetworkClient   : [Producer clientId=ytrep-producer-1] Node 1 disconnected.
2026-08-11T13:35:22.698+05:30  WARN 11552 --- [ytrep] [kafka-producer-network-thread | ytrep-producer-1] org.apache.kafka.clients.NetworkClient   : [Producer clientId=ytrep-producer-1] Connection to node 1 (localhost/127.0.0.1:9092) could not be established. Node may not be available.
2026-08-11T13:35:22.955+05:30  INFO 11552 --- [ytrep] [org.springframework.kafka.KafkaListenerEndpointContainer#0-0-C-1] org.apache.kafka.clients.NetworkClient   : [Consumer clientId=consumer-video-processing-group-1, groupId=video-processing-group] Node 1 disconnected.
2026-08-11T13:35:22.956+05:30  WARN 11552 --- [ytrep] [org.springframework.kafka.KafkaListenerEndpointContainer#0-0-C-1] org.apache.kafka.clients.NetworkClient   : [Consumer clientId=consumer-video-processing-group-1, groupId=video-processing-group] Connection to node 1 (localhost/127.0.0.1:9092) could not be established. Node may not be available.
2026-08-11T13:35:23.435+05:30  INFO 11552 --- [ytrep] [org.springframework.kafka.KafkaListenerEndpointContainer#1-0-C-1] org.apache.kafka.clients.NetworkClient   : [Consumer clientId=consumer-video-processing-group-2, groupId=video-processing-group] Node 1 disconnected.
2026-08-11T13:35:23.435+05:30  WARN 11552 --- [ytrep] [org.springframework.kafka.KafkaListenerEndpointContainer#1-0-C-1] org.apache.kafka.clients.NetworkClient   : [Consumer clientId=consumer-video-processing-group-2, groupId=video-processing-group] Connection to node 1 (localhost/127.0.0.1:9092) could not be established. Node may not be available.
2026-08-11T13:35:23.700+05:30  INFO 11552 --- [ytrep] [kafka-producer-network-thread | ytrep-producer-1] org.apache.kafka.clients.NetworkClient   : [Producer clientId=ytrep-producer-1] Node 1 disconnected.
2026-08-11T13:35:23.700+05:30  WARN 11552 --- [ytrep] [kafka-producer-network-thread | ytrep-producer-1] org.apache.kafka.clients.NetworkClient   : [Producer clientId=ytrep-producer-1] Connection to node 1 (localhost/127.0.0.1:9092) could not be established. Node may not be available.
2026-08-11T13:35:23.932+05:30  INFO 11552 --- [ytrep] [org.springframework.kafka.KafkaListenerEndpointContainer#0-0-C-1] org.apache.kafka.clients.NetworkClient   : [Consumer clientId=consumer-video-processing-group-1, groupId=video-processing-group] Node 1 disconnected.
2026-08-11T13:35:23.933+05:30  WARN 11552 --- [ytrep] [org.springframework.kafka.KafkaListenerEndpointContainer#0-0-C-1] org.apache.kafka.clients.NetworkClient   : [Consumer clientId=consumer-video-processing-group-1, groupId=video-processing-group] Connection to node 1 (localhost/127.0.0.1:9092) could not be established. Node may not be available.
2026-08-11T13:35:24.445+05:30  INFO 11552 --- [ytrep] [org.springframework.kafka.KafkaListenerEndpointContainer#1-0-C-1] org.apache.kafka.clients.NetworkClient   : [Consumer clientId=consumer-video-processing-group-2, groupId=video-processing-group] Node 1 disconnected.
2026-08-11T13:35:24.445+05:30  WARN 11552 --- [ytrep] [org.springframework.kafka.KafkaListenerEndpointContainer#1-0-C-1] org.apache.kafka.clients.NetworkClient   : [Consumer clientId=consumer-video-processing-group-2, groupId=video-processing-group] Connection to node 1 (localhost/127.0.0.1:9092) could not be established. Node may not be available.
2026-08-11T13:35:24.710+05:30  INFO 11552 --- [ytrep] [kafka-producer-network-thread | ytrep-producer-1] org.apache.kafka.clients.NetworkClient   : [Producer clientId=ytrep-producer-1] Node 1 disconnected.
2026-08-11T13:35:24.710+05:30  WARN 11552 --- [ytrep] [kafka-producer-network-thread | ytrep-producer-1] org.apache.kafka.clients.NetworkClient   : [Producer clientId=ytrep-producer-1] Connection to node 1 (localhost/127.0.0.1:9092) could not be established. Node may not be available.
2026-08-11T13:35:24.898+05:30  INFO 11552 --- [ytrep] [org.springframework.kafka.KafkaListenerEndpointContainer#0-0-C-1] org.apache.kafka.clients.NetworkClient   : [Consumer clientId=consumer-video-processing-group-1, groupId=video-processing-group] Node 1 disconnected.
2026-08-11T13:35:24.898+05:30  WARN 11552 --- [ytrep] [org.springframework.kafka.KafkaListenerEndpointContainer#0-0-C-1] org.apache.kafka.clients.NetworkClient   : [Consumer clientId=consumer-video-processing-group-1, groupId=video-processing-group] Connection to node 1 (localhost/127.0.0.1:9092) could not be established. Node may not be available.
2026-08-11T13:35:25.456+05:30  INFO 11552 --- [ytrep] [org.springframework.kafka.KafkaListenerEndpointContainer#1-0-C-1] org.apache.kafka.clients.NetworkClient   : [Consumer clientId=consumer-video-processing-group-2, groupId=video-processing-group] Node 1 disconnected.
2026-08-11T13:35:25.457+05:30  WARN 11552 --- [ytrep] [org.springframework.kafka.KafkaListenerEndpointContainer#1-0-C-1] org.apache.kafka.clients.NetworkClient   : [Consumer clientId=consumer-video-processing-group-2, groupId=video-processing-group] Connection to node 1 (localhost/127.0.0.1:9092) could not be established. Node may not be available.
2026-08-11T13:35:25.730+05:30  INFO 11552 --- [ytrep] [kafka-producer-network-thread | ytrep-producer-1] org.apache.kafka.clients.NetworkClient   : [Producer clientId=ytrep-producer-1] Node 1 disconnected.
2026-08-11T13:35:25.736+05:30  WARN 11552 --- [ytrep] [kafka-producer-network-thread | ytrep-producer-1] org.apache.kafka.clients.NetworkClient   : [Producer clientId=ytrep-producer-1] Connection to node 1 (localhost/127.0.0.1:9092) could not be established. Node may not be available.
2026-08-11T13:35:25.905+05:30  INFO 11552 --- [ytrep] [org.springframework.kafka.KafkaListenerEndpointContainer#0-0-C-1] org.apache.kafka.clients.NetworkClient   : [Consumer clientId=consumer-video-processing-group-1, groupId=video-processing-group] Node 1 disconnected.
2026-08-11T13:35:25.906+05:30  WARN 11552 --- [ytrep] [org.springframework.kafka.KafkaListenerEndpointContainer#0-0-C-1] org.apache.kafka.clients.NetworkClient   : [Consumer clientId=consumer-video-processing-group-1, groupId=video-processing-group] Connection to node 1 (localhost/127.0.0.1:9092) could not be established. Node may not be available.
2026-08-11T13:35:26.495+05:30  INFO 11552 --- [ytrep] [org.springframework.kafka.KafkaListenerEndpointContainer#1-0-C-1] org.apache.kafka.clients.NetworkClient   : [Consumer clientId=consumer-video-processing-group-2, groupId=video-processing-group] Node 1 disconnected.
2026-08-11T13:35:26.495+05:30  INFO 11552 --- [ytrep] [org.springframework.kafka.KafkaListenerEndpointContainer#1-0-C-1] org.apache.kafka.clients.NetworkClient   : [Consumer clientId=consumer-video-processing-group-2, groupId=video-processing-group] Cancelled in-flight API_VERSIONS request with correlation id 2546 due to node 1 being disconnected (elapsed time since creation: 2ms, elapsed time since send: 2ms, throttle time: 0ms, request timeout: 30000ms)
2026-08-11T13:35:26.740+05:30  INFO 11552 --- [ytrep] [kafka-producer-network-thread | ytrep-producer-1] org.apache.kafka.clients.NetworkClient   : [Producer clientId=ytrep-producer-1] Node 1 disconnected.
2026-08-11T13:35:26.742+05:30  INFO 11552 --- [ytrep] [kafka-producer-network-thread | ytrep-producer-1] org.apache.kafka.clients.NetworkClient   : [Producer clientId=ytrep-producer-1] Cancelled in-flight API_VERSIONS request with correlation id 18 due to node 1 being disconnected (elapsed time since creation: 0ms, elapsed time since send: 0ms, throttle time: 0ms, request timeout: 30000ms)
2026-08-11T13:35:26.914+05:30  INFO 11552 --- [ytrep] [org.springframework.kafka.KafkaListenerEndpointContainer#0-0-C-1] org.apache.kafka.clients.NetworkClient   : [Consumer clientId=consumer-video-processing-group-1, groupId=video-processing-group] Node 1 disconnected.
2026-08-11T13:35:26.915+05:30  INFO 11552 --- [ytrep] [org.springframework.kafka.KafkaListenerEndpointContainer#0-0-C-1] org.apache.kafka.clients.NetworkClient   : [Consumer clientId=consumer-video-processing-group-1, groupId=video-processing-group] Cancelled in-flight API_VERSIONS request with correlation id 2529 due to node 1 being disconnected (elapsed time since creation: 5ms, elapsed time since send: 5ms, throttle time: 0ms, request timeout: 30000ms)
2026-08-11T13:35:27.508+05:30  INFO 11552 --- [ytrep] [org.springframework.kafka.KafkaListenerEndpointContainer#1-0-C-1] org.apache.kafka.clients.NetworkClient   : [Consumer clientId=consumer-video-processing-group-2, groupId=video-processing-group] Node 1 disconnected.
2026-08-11T13:35:27.508+05:30  INFO 11552 --- [ytrep] [org.springframework.kafka.KafkaListenerEndpointContainer#1-0-C-1] org.apache.kafka.clients.NetworkClient   : [Consumer clientId=consumer-video-processing-group-2, groupId=video-processing-group] Cancelled in-flight API_VERSIONS request with correlation id 2547 due to node 1 being disconnected (elapsed time since creation: 4ms, elapsed time since send: 4ms, throttle time: 0ms, request timeout: 30000ms)
2026-08-11T13:35:27.757+05:30  INFO 11552 --- [ytrep] [kafka-producer-network-thread | ytrep-producer-1] org.apache.kafka.clients.NetworkClient   : [Producer clientId=ytrep-producer-1] Node 1 disconnected.
2026-08-11T13:35:27.757+05:30  INFO 11552 --- [ytrep] [kafka-producer-network-thread | ytrep-producer-1] org.apache.kafka.clients.NetworkClient   : [Producer clientId=ytrep-producer-1] Cancelled in-flight API_VERSIONS request with correlation id 19 due to node 1 being disconnected (elapsed time since creation: 6ms, elapsed time since send: 6ms, throttle time: 0ms, request timeout: 30000ms)
2026-08-11T13:35:27.926+05:30  INFO 11552 --- [ytrep] [org.springframework.kafka.KafkaListenerEndpointContainer#0-0-C-1] org.apache.kafka.clients.NetworkClient   : [Consumer clientId=consumer-video-processing-group-1, groupId=video-processing-group] Node 1 disconnected.
2026-08-11T13:35:27.927+05:30  INFO 11552 --- [ytrep] [org.springframework.kafka.KafkaListenerEndpointContainer#0-0-C-1] org.apache.kafka.clients.NetworkClient   : [Consumer clientId=consumer-video-processing-group-1, groupId=video-processing-group] Cancelled in-flight API_VERSIONS request with correlation id 2530 due to node 1 being disconnected (elapsed time since creation: 2ms, elapsed time since send: 2ms, throttle time: 0ms, request timeout: 30000ms)
2026-08-11T13:35:28.461+05:30  INFO 11552 --- [ytrep] [org.springframework.kafka.KafkaListenerEndpointContainer#1-0-C-1] org.apache.kafka.clients.NetworkClient   : [Consumer clientId=consumer-video-processing-group-2, groupId=video-processing-group] Node 1 disconnected.
2026-08-11T13:35:28.462+05:30  INFO 11552 --- [ytrep] [org.springframework.kafka.KafkaListenerEndpointContainer#1-0-C-1] org.apache.kafka.clients.NetworkClient   : [Consumer clientId=consumer-video-processing-group-2, groupId=video-processing-group] Cancelled in-flight API_VERSIONS request with correlation id 2548 due to node 1 being disconnected (elapsed time since creation: 4ms, elapsed time since send: 4ms, throttle time: 0ms, request timeout: 30000ms)
2026-08-11T13:35:28.766+05:30  INFO 11552 --- [ytrep] [kafka-producer-network-thread | ytrep-producer-1] org.apache.kafka.clients.NetworkClient   : [Producer clientId=ytrep-producer-1] Node 1 disconnected.
2026-08-11T13:35:28.766+05:30  INFO 11552 --- [ytrep] [kafka-producer-network-thread | ytrep-producer-1] org.apache.kafka.clients.NetworkClient   : [Producer clientId=ytrep-producer-1] Cancelled in-flight API_VERSIONS request with correlation id 20 due to node 1 being disconnected (elapsed time since creation: 3ms, elapsed time since send: 3ms, throttle time: 0ms, request timeout: 30000ms)
2026-08-11T13:35:28.937+05:30  INFO 11552 --- [ytrep] [org.springframework.kafka.KafkaListenerEndpointContainer#0-0-C-1] org.apache.kafka.clients.NetworkClient   : [Consumer clientId=consumer-video-processing-group-1, groupId=video-processing-group] Node 1 disconnected.
2026-08-11T13:35:28.938+05:30  INFO 11552 --- [ytrep] [org.springframework.kafka.KafkaListenerEndpointContainer#0-0-C-1] org.apache.kafka.clients.NetworkClient   : [Consumer clientId=consumer-video-processing-group-1, groupId=video-processing-group] Cancelled in-flight API_VERSIONS request with correlation id 2531 due to node 1 being disconnected (elapsed time since creation: 2ms, elapsed time since send: 2ms, throttle time: 0ms, request timeout: 30000ms)
2026-08-11T13:35:29.502+05:30  INFO 11552 --- [ytrep] [org.springframework.kafka.KafkaListenerEndpointContainer#1-0-C-1] org.apache.kafka.clients.NetworkClient   : [Consumer clientId=consumer-video-processing-group-2, groupId=video-processing-group] Node 1 disconnected.
2026-08-11T13:35:29.502+05:30  INFO 11552 --- [ytrep] [org.springframework.kafka.KafkaListenerEndpointContainer#1-0-C-1] org.apache.kafka.clients.NetworkClient   : [Consumer clientId=consumer-video-processing-group-2, groupId=video-processing-group] Cancelled in-flight API_VERSIONS request with correlation id 2549 due to node 1 being disconnected (elapsed time since creation: 3ms, elapsed time since send: 3ms, throttle time: 0ms, request timeout: 30000ms)
2026-08-11T13:35:29.782+05:30  INFO 11552 --- [ytrep] [kafka-producer-network-thread | ytrep-producer-1] org.apache.kafka.clients.NetworkClient   : [Producer clientId=ytrep-producer-1] Node 1 disconnected.
2026-08-11T13:35:29.782+05:30  INFO 11552 --- [ytrep] [kafka-producer-network-thread | ytrep-producer-1] org.apache.kafka.clients.NetworkClient   : [Producer clientId=ytrep-producer-1] Cancelled in-flight API_VERSIONS request with correlation id 21 due to node 1 being disconnected (elapsed time since creation: 1ms, elapsed time since send: 1ms, throttle time: 0ms, request timeout: 30000ms)
2026-08-11T13:35:29.953+05:30  INFO 11552 --- [ytrep] [org.springframework.kafka.KafkaListenerEndpointContainer#0-0-C-1] org.apache.kafka.clients.NetworkClient   : [Consumer clientId=consumer-video-processing-group-1, groupId=video-processing-group] Node 1 disconnected.
2026-08-11T13:35:29.953+05:30  INFO 11552 --- [ytrep] [org.springframework.kafka.KafkaListenerEndpointContainer#0-0-C-1] org.apache.kafka.clients.NetworkClient   : [Consumer clientId=consumer-video-processing-group-1, groupId=video-processing-group] Cancelled in-flight API_VERSIONS request with correlation id 2532 due to node 1 being disconnected (elapsed time since creation: 2ms, elapsed time since send: 2ms, throttle time: 0ms, request timeout: 30000ms)
2026-08-11T13:35:30.512+05:30  INFO 11552 --- [ytrep] [org.springframework.kafka.KafkaListenerEndpointContainer#1-0-C-1] org.apache.kafka.clients.NetworkClient   : [Consumer clientId=consumer-video-processing-group-2, groupId=video-processing-group] Node 1 disconnected.
2026-08-11T13:35:30.512+05:30  INFO 11552 --- [ytrep] [org.springframework.kafka.KafkaListenerEndpointContainer#1-0-C-1] org.apache.kafka.clients.NetworkClient   : [Consumer clientId=consumer-video-processing-group-2, groupId=video-processing-group] Cancelled in-flight API_VERSIONS request with correlation id 2550 due to node 1 being disconnected (elapsed time since creation: 2ms, elapsed time since send: 2ms, throttle time: 0ms, request timeout: 30000ms)
2026-08-11T13:35:30.840+05:30  INFO 11552 --- [ytrep] [kafka-producer-network-thread | ytrep-producer-1] org.apache.kafka.clients.NetworkClient   : [Producer clientId=ytrep-producer-1] Node 1 disconnected.
2026-08-11T13:35:30.841+05:30  INFO 11552 --- [ytrep] [kafka-producer-network-thread | ytrep-producer-1] org.apache.kafka.clients.NetworkClient   : [Producer clientId=ytrep-producer-1] Cancelled in-flight API_VERSIONS request with correlation id 22 due to node 1 being disconnected (elapsed time since creation: 3ms, elapsed time since send: 3ms, throttle time: 0ms, request timeout: 30000ms)
2026-08-11T13:35:30.982+05:30  INFO 11552 --- [ytrep] [org.springframework.kafka.KafkaListenerEndpointContainer#0-0-C-1] org.apache.kafka.clients.NetworkClient   : [Consumer clientId=consumer-video-processing-group-1, groupId=video-processing-group] Node 1 disconnected.
2026-08-11T13:35:30.983+05:30  INFO 11552 --- [ytrep] [org.springframework.kafka.KafkaListenerEndpointContainer#0-0-C-1] org.apache.kafka.clients.NetworkClient   : [Consumer clientId=consumer-video-processing-group-1, groupId=video-processing-group] Cancelled in-flight API_VERSIONS request with correlation id 2533 due to node 1 being disconnected (elapsed time since creation: 3ms, elapsed time since send: 3ms, throttle time: 0ms, request timeout: 30000ms)
2026-08-11T13:35:31.568+05:30  INFO 11552 --- [ytrep] [org.springframework.kafka.KafkaListenerEndpointContainer#1-0-C-1] org.apache.kafka.clients.NetworkClient   : [Consumer clientId=consumer-video-processing-group-2, groupId=video-processing-group] Node 1 disconnected.
2026-08-11T13:35:31.573+05:30  INFO 11552 --- [ytrep] [org.springframework.kafka.KafkaListenerEndpointContainer#1-0-C-1] org.apache.kafka.clients.NetworkClient   : [Consumer clientId=consumer-video-processing-group-2, groupId=video-processing-group] Cancelled in-flight API_VERSIONS request with correlation id 2551 due to node 1 being disconnected (elapsed time since creation: 4ms, elapsed time since send: 4ms, throttle time: 0ms, request timeout: 30000ms)
2026-08-11T13:35:31.851+05:30  INFO 11552 --- [ytrep] [kafka-producer-network-thread | ytrep-producer-1] org.apache.kafka.clients.NetworkClient   : [Producer clientId=ytrep-producer-1] Node 1 disconnected.
2026-08-11T13:35:31.852+05:30  INFO 11552 --- [ytrep] [kafka-producer-network-thread | ytrep-producer-1] org.apache.kafka.clients.NetworkClient   : [Producer clientId=ytrep-producer-1] Cancelled in-flight API_VERSIONS request with correlation id 23 due to node 1 being disconnected (elapsed time since creation: 1ms, elapsed time since send: 1ms, throttle time: 0ms, request timeout: 30000ms)
2026-08-11T13:35:31.962+05:30  INFO 11552 --- [ytrep] [org.springframework.kafka.KafkaListenerEndpointContainer#0-0-C-1] org.apache.kafka.clients.NetworkClient   : [Consumer clientId=consumer-video-processing-group-1, groupId=video-processing-group] Node 1 disconnected.
2026-08-11T13:35:31.962+05:30  INFO 11552 --- [ytrep] [org.springframework.kafka.KafkaListenerEndpointContainer#0-0-C-1] org.apache.kafka.clients.NetworkClient   : [Consumer clientId=consumer-video-processing-group-1, groupId=video-processing-group] Cancelled in-flight API_VERSIONS request with correlation id 2534 due to node 1 being disconnected (elapsed time since creation: 3ms, elapsed time since send: 3ms, throttle time: 0ms, request timeout: 30000ms)
2026-08-11T13:35:32.583+05:30  INFO 11552 --- [ytrep] [org.springframework.kafka.KafkaListenerEndpointContainer#1-0-C-1] org.apache.kafka.clients.NetworkClient   : [Consumer clientId=consumer-video-processing-group-2, groupId=video-processing-group] Node 1 disconnected.
2026-08-11T13:35:32.584+05:30  INFO 11552 --- [ytrep] [org.springframework.kafka.KafkaListenerEndpointContainer#1-0-C-1] org.apache.kafka.clients.NetworkClient   : [Consumer clientId=consumer-video-processing-group-2, groupId=video-processing-group] Cancelled in-flight API_VERSIONS request with correlation id 2552 due to node 1 being disconnected (elapsed time since creation: 2ms, elapsed time since send: 2ms, throttle time: 0ms, request timeout: 30000ms)
2026-08-11T13:35:32.894+05:30  INFO 11552 --- [ytrep] [kafka-producer-network-thread | ytrep-producer-1] org.apache.kafka.clients.NetworkClient   : [Producer clientId=ytrep-producer-1] Node 1 disconnected.
2026-08-11T13:35:32.894+05:30  INFO 11552 --- [ytrep] [kafka-producer-network-thread | ytrep-producer-1] org.apache.kafka.clients.NetworkClient   : [Producer clientId=ytrep-producer-1] Cancelled in-flight API_VERSIONS request with correlation id 24 due to node 1 being disconnected (elapsed time since creation: 3ms, elapsed time since send: 3ms, throttle time: 0ms, request timeout: 30000ms)
2026-08-11T13:35:33.019+05:30  INFO 11552 --- [ytrep] [org.springframework.kafka.KafkaListenerEndpointContainer#0-0-C-1] org.apache.kafka.clients.NetworkClient   : [Consumer clientId=consumer-video-processing-group-1, groupId=video-processing-group] Node 1 disconnected.
2026-08-11T13:35:33.019+05:30  INFO 11552 --- [ytrep] [org.springframework.kafka.KafkaListenerEndpointContainer#0-0-C-1] org.apache.kafka.clients.NetworkClient   : [Consumer clientId=consumer-video-processing-group-1, groupId=video-processing-group] Cancelled in-flight API_VERSIONS request with correlation id 2535 due to node 1 being disconnected (elapsed time since creation: 3ms, elapsed time since send: 3ms, throttle time: 0ms, request timeout: 30000ms)
2026-08-11T13:35:33.645+05:30  INFO 11552 --- [ytrep] [org.springframework.kafka.KafkaListenerEndpointContainer#1-0-C-1] org.apache.kafka.clients.NetworkClient   : [Consumer clientId=consumer-video-processing-group-2, groupId=video-processing-group] Node 1 disconnected.
2026-08-11T13:35:33.645+05:30  INFO 11552 --- [ytrep] [org.springframework.kafka.KafkaListenerEndpointContainer#1-0-C-1] org.apache.kafka.clients.NetworkClient   : [Consumer clientId=consumer-video-processing-group-2, groupId=video-processing-group] Cancelled in-flight API_VERSIONS request with correlation id 2553 due to node 1 being disconnected (elapsed time since creation: 4ms, elapsed time since send: 4ms, throttle time: 0ms, request timeout: 30000ms)
2026-08-11T13:35:33.908+05:30  INFO 11552 --- [ytrep] [kafka-producer-network-thread | ytrep-producer-1] org.apache.kafka.clients.NetworkClient   : [Producer clientId=ytrep-producer-1] Node 1 disconnected.
2026-08-11T13:35:33.909+05:30  INFO 11552 --- [ytrep] [kafka-producer-network-thread | ytrep-producer-1] org.apache.kafka.clients.NetworkClient   : [Producer clientId=ytrep-producer-1] Cancelled in-flight API_VERSIONS request with correlation id 25 due to node 1 being disconnected (elapsed time since creation: 2ms, elapsed time since send: 2ms, throttle time: 0ms, request timeout: 30000ms)
2026-08-11T13:35:34.001+05:30  INFO 11552 --- [ytrep] [org.springframework.kafka.KafkaListenerEndpointContainer#0-0-C-1] org.apache.kafka.clients.NetworkClient   : [Consumer clientId=consumer-video-processing-group-1, groupId=video-processing-group] Node 1 disconnected.
2026-08-11T13:35:34.001+05:30  INFO 11552 --- [ytrep] [org.springframework.kafka.KafkaListenerEndpointContainer#0-0-C-1] org.apache.kafka.clients.NetworkClient   : [Consumer clientId=consumer-video-processing-group-1, groupId=video-processing-group] Cancelled in-flight API_VERSIONS request with correlation id 2536 due to node 1 being disconnected (elapsed time since creation: 2ms, elapsed time since send: 2ms, throttle time: 0ms, request timeout: 30000ms)
2026-08-11T13:35:34.685+05:30  INFO 11552 --- [ytrep] [org.springframework.kafka.KafkaListenerEndpointContainer#1-0-C-1] org.apache.kafka.clients.NetworkClient   : [Consumer clientId=consumer-video-processing-group-2, groupId=video-processing-group] Node 1 disconnected.
2026-08-11T13:35:34.685+05:30  INFO 11552 --- [ytrep] [org.springframework.kafka.KafkaListenerEndpointContainer#1-0-C-1] org.apache.kafka.clients.NetworkClient   : [Consumer clientId=consumer-video-processing-group-2, groupId=video-processing-group] Cancelled in-flight API_VERSIONS request with correlation id 2554 due to node 1 being disconnected (elapsed time since creation: 2ms, elapsed time since send: 2ms, throttle time: 0ms, request timeout: 30000ms)
2026-08-11T13:35:34.920+05:30  INFO 11552 --- [ytrep] [kafka-producer-network-thread | ytrep-producer-1] org.apache.kafka.clients.NetworkClient   : [Producer clientId=ytrep-producer-1] Node 1 disconnected.
2026-08-11T13:35:34.920+05:30  INFO 11552 --- [ytrep] [kafka-producer-network-thread | ytrep-producer-1] org.apache.kafka.clients.NetworkClient   : [Producer clientId=ytrep-producer-1] Cancelled in-flight API_VERSIONS request with correlation id 26 due to node 1 being disconnected (elapsed time since creation: 2ms, elapsed time since send: 2ms, throttle time: 0ms, request timeout: 30000ms)
2026-08-11T13:35:35.027+05:30  INFO 11552 --- [ytrep] [org.springframework.kafka.KafkaListenerEndpointContainer#0-0-C-1] org.apache.kafka.clients.NetworkClient   : [Consumer clientId=consumer-video-processing-group-1, groupId=video-processing-group] Node 1 disconnected.
2026-08-11T13:35:35.027+05:30  INFO 11552 --- [ytrep] [org.springframework.kafka.KafkaListenerEndpointContainer#0-0-C-1] org.apache.kafka.clients.NetworkClient   : [Consumer clientId=consumer-video-processing-group-1, groupId=video-processing-group] Cancelled in-flight API_VERSIONS request with correlation id 2537 due to node 1 being disconnected (elapsed time since creation: 2ms, elapsed time since send: 2ms, throttle time: 0ms, request timeout: 30000ms)
2026-08-11T13:35:35.771+05:30  INFO 11552 --- [ytrep] [org.springframework.kafka.KafkaListenerEndpointContainer#1-0-C-1] o.a.k.c.c.internals.ConsumerCoordinator  : [Consumer clientId=consumer-video-processing-group-2, groupId=video-processing-group] Discovered group coordinator localhost:9092 (id: 2147483646 rack: null)
2026-08-11T13:35:36.053+05:30  INFO 11552 --- [ytrep] [org.springframework.kafka.KafkaListenerEndpointContainer#0-0-C-1] o.a.k.c.c.internals.ConsumerCoordinator  : [Consumer clientId=consumer-video-processing-group-1, groupId=video-processing-group] Discovered group coordinator localhost:9092 (id: 2147483646 rack: null)
2026-08-11T13:35:39.837+05:30  INFO 11552 --- [ytrep] [lettuce-eventExecutorLoop-1-10] i.l.core.protocol.ConnectionWatchdog     : Reconnecting, last destination was localhost/<unresolved>:6379
2026-08-11T13:35:39.849+05:30  INFO 11552 --- [ytrep] [lettuce-nioEventLoop-4-7] i.l.core.protocol.ReconnectionHandler    : Reconnected to localhost/<unresolved>:6379
2026-08-11T13:35:54.895+05:30 DEBUG 11552 --- [ytrep] [http-nio-8080-exec-2] o.s.security.web.FilterChainProxy        : Securing GET /api/likes/my-likes
2026-08-11T13:35:54.895+05:30 DEBUG 11552 --- [ytrep] [http-nio-8080-exec-7] o.s.security.web.FilterChainProxy        : Securing GET /api/get-all-video
2026-08-11T13:35:54.932+05:30 DEBUG 11552 --- [ytrep] [http-nio-8080-exec-2] o.s.security.web.FilterChainProxy        : Secured GET /api/likes/my-likes
2026-08-11T13:35:54.932+05:30 DEBUG 11552 --- [ytrep] [http-nio-8080-exec-7] o.s.security.web.FilterChainProxy        : Secured GET /api/get-all-video
2026-08-11T13:35:54.935+05:30 DEBUG 11552 --- [ytrep] [http-nio-8080-exec-2] horizationManagerBeforeMethodInterceptor : Authorizing method invocation ReflectiveMethodInvocation: public org.springframework.http.ResponseEntity com.learning.ytrep.controller.UserLikeController.getMyLikedVideos(org.springframework.security.core.Authentication); target is of class [com.learning.ytrep.controller.UserLikeController]
2026-08-11T13:35:54.937+05:30 DEBUG 11552 --- [ytrep] [http-nio-8080-exec-2] horizationManagerBeforeMethodInterceptor : Authorized method invocation ReflectiveMethodInvocation: public org.springframework.http.ResponseEntity com.learning.ytrep.controller.UserLikeController.getMyLikedVideos(org.springframework.security.core.Authentication); target is of class [com.learning.ytrep.controller.UserLikeController]
2026-08-11T13:35:54.955+05:30 DEBUG 11552 --- [ytrep] [http-nio-8080-exec-10] o.s.security.web.FilterChainProxy        : Securing GET /api/get-all-video
2026-08-11T13:35:54.970+05:30 DEBUG 11552 --- [ytrep] [http-nio-8080-exec-10] o.s.security.web.FilterChainProxy        : Secured GET /api/get-all-video
2026-08-11T13:35:54.981+05:30 DEBUG 11552 --- [ytrep] [http-nio-8080-exec-8] o.s.security.web.FilterChainProxy        : Securing GET /api/get-all-video
2026-08-11T13:35:54.997+05:30 DEBUG 11552 --- [ytrep] [http-nio-8080-exec-8] o.s.security.web.FilterChainProxy        : Secured GET /api/get-all-video
2026-08-11T13:35:56.403+05:30 DEBUG 11552 --- [ytrep] [http-nio-8080-exec-1] o.s.security.web.FilterChainProxy        : Securing GET /api/likes/1/check
2026-08-11T13:35:56.404+05:30 DEBUG 11552 --- [ytrep] [http-nio-8080-exec-3] o.s.security.web.FilterChainProxy        : Securing GET /api/getVideo/1
2026-08-11T13:35:56.407+05:30 DEBUG 11552 --- [ytrep] [http-nio-8080-exec-5] o.s.security.web.FilterChainProxy        : Securing GET /api/likes/1/count
2026-08-11T13:35:56.428+05:30 DEBUG 11552 --- [ytrep] [http-nio-8080-exec-5] o.s.security.web.FilterChainProxy        : Secured GET /api/likes/1/count
2026-08-11T13:35:56.428+05:30 DEBUG 11552 --- [ytrep] [http-nio-8080-exec-1] o.s.security.web.FilterChainProxy        : Secured GET /api/likes/1/check
2026-08-11T13:35:56.429+05:30 DEBUG 11552 --- [ytrep] [http-nio-8080-exec-1] horizationManagerBeforeMethodInterceptor : Authorizing method invocation ReflectiveMethodInvocation: public org.springframework.http.ResponseEntity com.learning.ytrep.controller.UserLikeController.hasLiked(java.lang.Long,org.springframework.security.core.Authentication); target is of class [com.learning.ytrep.controller.UserLikeController]
2026-08-11T13:35:56.431+05:30 DEBUG 11552 --- [ytrep] [http-nio-8080-exec-1] horizationManagerBeforeMethodInterceptor : Authorized method invocation ReflectiveMethodInvocation: public org.springframework.http.ResponseEntity com.learning.ytrep.controller.UserLikeController.hasLiked(java.lang.Long,org.springframework.security.core.Authentication); target is of class [com.learning.ytrep.controller.UserLikeController]
2026-08-11T13:35:56.448+05:30 DEBUG 11552 --- [ytrep] [http-nio-8080-exec-3] o.s.security.web.FilterChainProxy        : Secured GET /api/getVideo/1
2026-08-11T13:35:56.448+05:30 DEBUG 11552 --- [ytrep] [http-nio-8080-exec-9] o.s.security.web.FilterChainProxy        : Securing GET /api/likes/1/count
2026-08-11T13:35:56.467+05:30 DEBUG 11552 --- [ytrep] [http-nio-8080-exec-6] o.s.security.web.FilterChainProxy        : Securing GET /api/likes/1/check
2026-08-11T13:35:56.481+05:30 DEBUG 11552 --- [ytrep] [http-nio-8080-exec-9] o.s.security.web.FilterChainProxy        : Secured GET /api/likes/1/count
2026-08-11T13:35:56.483+05:30 DEBUG 11552 --- [ytrep] [http-nio-8080-exec-4] o.s.security.web.FilterChainProxy        : Securing GET /api/getVideo/1
2026-08-11T13:35:56.492+05:30 DEBUG 11552 --- [ytrep] [http-nio-8080-exec-6] o.s.security.web.FilterChainProxy        : Secured GET /api/likes/1/check
2026-08-11T13:35:56.498+05:30 DEBUG 11552 --- [ytrep] [http-nio-8080-exec-6] horizationManagerBeforeMethodInterceptor : Authorizing method invocation ReflectiveMethodInvocation: public org.springframework.http.ResponseEntity com.learning.ytrep.controller.UserLikeController.hasLiked(java.lang.Long,org.springframework.security.core.Authentication); target is of class [com.learning.ytrep.controller.UserLikeController]
2026-08-11T13:35:56.506+05:30 DEBUG 11552 --- [ytrep] [http-nio-8080-exec-4] o.s.security.web.FilterChainProxy        : Secured GET /api/getVideo/1
2026-08-11T13:35:56.506+05:30 DEBUG 11552 --- [ytrep] [http-nio-8080-exec-2] o.s.security.web.FilterChainProxy        : Securing GET /api/comments/1
2026-08-11T13:35:56.506+05:30 DEBUG 11552 --- [ytrep] [http-nio-8080-exec-7] o.s.security.web.FilterChainProxy        : Securing GET /api/comments/1/count
2026-08-11T13:35:56.507+05:30 DEBUG 11552 --- [ytrep] [http-nio-8080-exec-10] o.s.security.web.FilterChainProxy        : Securing GET /api/videos/1/stream
2026-08-11T13:35:56.508+05:30 DEBUG 11552 --- [ytrep] [http-nio-8080-exec-6] horizationManagerBeforeMethodInterceptor : Authorized method invocation ReflectiveMethodInvocation: public org.springframework.http.ResponseEntity com.learning.ytrep.controller.UserLikeController.hasLiked(java.lang.Long,org.springframework.security.core.Authentication); target is of class [com.learning.ytrep.controller.UserLikeController]
2026-08-11T13:35:56.513+05:30 DEBUG 11552 --- [ytrep] [http-nio-8080-exec-10] o.s.s.w.a.AnonymousAuthenticationFilter  : Set SecurityContextHolder to anonymous SecurityContext
2026-08-11T13:35:56.522+05:30 DEBUG 11552 --- [ytrep] [http-nio-8080-exec-10] o.s.security.web.FilterChainProxy        : Secured GET /api/videos/1/stream
2026-08-11T13:35:56.550+05:30 DEBUG 11552 --- [ytrep] [http-nio-8080-exec-2] o.s.security.web.FilterChainProxy        : Secured GET /api/comments/1
2026-08-11T13:35:56.593+05:30 DEBUG 11552 --- [ytrep] [http-nio-8080-exec-8] o.s.security.web.FilterChainProxy        : Securing GET /api/comments/1
2026-08-11T13:35:56.612+05:30 DEBUG 11552 --- [ytrep] [http-nio-8080-exec-8] o.s.security.web.FilterChainProxy        : Secured GET /api/comments/1
2026-08-11T13:35:56.621+05:30 DEBUG 11552 --- [ytrep] [http-nio-8080-exec-7] o.s.security.web.FilterChainProxy        : Secured GET /api/comments/1/count
2026-08-11T13:35:56.658+05:30 DEBUG 11552 --- [ytrep] [http-nio-8080-exec-5] o.s.security.web.FilterChainProxy        : Securing GET /api/comments/1/count
2026-08-11T13:35:56.674+05:30 DEBUG 11552 --- [ytrep] [http-nio-8080-exec-5] o.s.security.web.FilterChainProxy        : Secured GET /api/comments/1/count
2026-08-11T13:35:59.350+05:30 DEBUG 11552 --- [ytrep] [http-nio-8080-exec-1] o.s.security.web.FilterChainProxy        : Securing GET /api/get-all-video
2026-08-11T13:35:59.350+05:30 DEBUG 11552 --- [ytrep] [http-nio-8080-exec-3] o.s.security.web.FilterChainProxy        : Securing GET /api/likes/my-likes
2026-08-11T13:35:59.366+05:30 DEBUG 11552 --- [ytrep] [http-nio-8080-exec-1] o.s.security.web.FilterChainProxy        : Secured GET /api/get-all-video
2026-08-11T13:35:59.366+05:30 DEBUG 11552 --- [ytrep] [http-nio-8080-exec-3] o.s.security.web.FilterChainProxy        : Secured GET /api/likes/my-likes
2026-08-11T13:35:59.368+05:30 DEBUG 11552 --- [ytrep] [http-nio-8080-exec-3] horizationManagerBeforeMethodInterceptor : Authorizing method invocation ReflectiveMethodInvocation: public org.springframework.http.ResponseEntity com.learning.ytrep.controller.UserLikeController.getMyLikedVideos(org.springframework.security.core.Authentication); target is of class [com.learning.ytrep.controller.UserLikeController]
2026-08-11T13:35:59.369+05:30 DEBUG 11552 --- [ytrep] [http-nio-8080-exec-3] horizationManagerBeforeMethodInterceptor : Authorized method invocation ReflectiveMethodInvocation: public org.springframework.http.ResponseEntity com.learning.ytrep.controller.UserLikeController.getMyLikedVideos(org.springframework.security.core.Authentication); target is of class [com.learning.ytrep.controller.UserLikeController]
2026-08-11T13:35:59.383+05:30 DEBUG 11552 --- [ytrep] [http-nio-8080-exec-9] o.s.security.web.FilterChainProxy        : Securing GET /api/get-all-video
2026-08-11T13:35:59.384+05:30 DEBUG 11552 --- [ytrep] [http-nio-8080-exec-4] o.s.security.web.FilterChainProxy        : Securing GET /api/likes/my-likes
2026-08-11T13:35:59.396+05:30 DEBUG 11552 --- [ytrep] [http-nio-8080-exec-9] o.s.security.web.FilterChainProxy        : Secured GET /api/get-all-video
2026-08-11T13:35:59.396+05:30 DEBUG 11552 --- [ytrep] [http-nio-8080-exec-4] o.s.security.web.FilterChainProxy        : Secured GET /api/likes/my-likes
2026-08-11T13:35:59.398+05:30 DEBUG 11552 --- [ytrep] [http-nio-8080-exec-4] horizationManagerBeforeMethodInterceptor : Authorizing method invocation ReflectiveMethodInvocation: public org.springframework.http.ResponseEntity com.learning.ytrep.controller.UserLikeController.getMyLikedVideos(org.springframework.security.core.Authentication); target is of class [com.learning.ytrep.controller.UserLikeController]
2026-08-11T13:35:59.398+05:30 DEBUG 11552 --- [ytrep] [http-nio-8080-exec-4] horizationManagerBeforeMethodInterceptor : Authorized method invocation ReflectiveMethodInvocation: public org.springframework.http.ResponseEntity com.learning.ytrep.controller.UserLikeController.getMyLikedVideos(org.springframework.security.core.Authentication); target is of class [com.learning.ytrep.controller.UserLikeController]
